--
-- PostgreSQL database dump
--

-- Dumped from database version 10.1
-- Dumped by pg_dump version 10.1

SET statement_timeout = 0;
SET lock_timeout = 0;
SET idle_in_transaction_session_timeout = 0;
SET client_encoding = 'UTF8';
SET standard_conforming_strings = on;
SET check_function_bodies = false;
SET client_min_messages = warning;
SET row_security = off;

--
-- Name: plpgsql; Type: EXTENSION; Schema: -; Owner: 
--

CREATE EXTENSION IF NOT EXISTS plpgsql WITH SCHEMA pg_catalog;


--
-- Name: EXTENSION plpgsql; Type: COMMENT; Schema: -; Owner: 
--

COMMENT ON EXTENSION plpgsql IS 'PL/pgSQL procedural language';


SET search_path = public, pg_catalog;

--
-- Name: hudou_area_seq; Type: SEQUENCE; Schema: public; Owner: hudou_user
--

CREATE SEQUENCE hudou_area_seq
    START WITH 1
    INCREMENT BY 1
    NO MINVALUE
    NO MAXVALUE
    CACHE 1;


ALTER TABLE hudou_area_seq OWNER TO hudou_user;

SET default_tablespace = '';

SET default_with_oids = false;

--
-- Name: area; Type: TABLE; Schema: public; Owner: hudou_user
--

CREATE TABLE area (
    id integer DEFAULT nextval('hudou_area_seq'::regclass) NOT NULL,
    lid character varying(40) DEFAULT NULL::character varying,
    area_name character varying(20) DEFAULT NULL::character varying,
    long double precision,
    lat double precision,
    CONSTRAINT hudou_area_id_check CHECK ((id > 0))
);


ALTER TABLE area OWNER TO hudou_user;

--
-- Name: hudou_daliy_summary_seq; Type: SEQUENCE; Schema: public; Owner: hudou_user
--

CREATE SEQUENCE hudou_daliy_summary_seq
    START WITH 1
    INCREMENT BY 1
    NO MINVALUE
    NO MAXVALUE
    CACHE 1;


ALTER TABLE hudou_daliy_summary_seq OWNER TO hudou_user;

--
-- Name: daily_summary; Type: TABLE; Schema: public; Owner: hudou_user
--

CREATE TABLE daily_summary (
    id integer DEFAULT nextval('hudou_daliy_summary_seq'::regclass) NOT NULL,
    total_rooms integer,
    sold_rooms integer,
    turnover double precision,
    date date NOT NULL,
    last_updated timestamp(0) without time zone DEFAULT CURRENT_TIMESTAMP NOT NULL,
    CONSTRAINT hudou_daliy_summary_id_check CHECK ((id > 0)),
    CONSTRAINT hudou_daliy_summary_sold_rooms_check CHECK ((sold_rooms >= 0)),
    CONSTRAINT hudou_daliy_summary_total_rooms_check CHECK ((total_rooms >= 0))
);


ALTER TABLE daily_summary OWNER TO hudou_user;

--
-- Name: hudou_house_seq; Type: SEQUENCE; Schema: public; Owner: hudou_user
--

CREATE SEQUENCE hudou_house_seq
    START WITH 1
    INCREMENT BY 1
    NO MINVALUE
    NO MAXVALUE
    CACHE 1;


ALTER TABLE hudou_house_seq OWNER TO hudou_user;

--
-- Name: house; Type: TABLE; Schema: public; Owner: hudou_user
--

CREATE TABLE house (
    id integer DEFAULT nextval('hudou_house_seq'::regclass) NOT NULL,
    uuid character varying(40) DEFAULT '0'::character varying NOT NULL,
    lid character varying(40) DEFAULT '0'::character varying NOT NULL,
    area_id integer,
    area_name character varying(30) DEFAULT NULL::character varying,
    title character varying(128) NOT NULL,
    price double precision DEFAULT '0'::double precision NOT NULL,
    lang double precision DEFAULT '0'::double precision NOT NULL,
    lat double precision DEFAULT '0'::double precision NOT NULL,
    model character varying(30) DEFAULT '0'::character varying NOT NULL,
    status smallint DEFAULT '0'::smallint NOT NULL,
    create_time timestamp(0) without time zone NOT NULL,
    last_updated timestamp(0) without time zone DEFAULT CURRENT_TIMESTAMP NOT NULL,
    CONSTRAINT hudou_house_area_id_check CHECK ((area_id > 0)),
    CONSTRAINT hudou_house_id_check CHECK ((id > 0)),
    CONSTRAINT hudou_house_lang_check CHECK ((lang > (0)::double precision)),
    CONSTRAINT hudou_house_lat_check CHECK ((lat > (0)::double precision)),
    CONSTRAINT hudou_house_price_check CHECK ((price > (0)::double precision)),
    CONSTRAINT hudou_house_status_check CHECK ((status > 0))
);


ALTER TABLE house OWNER TO hudou_user;

--
-- Name: hudou_housesold_seq; Type: SEQUENCE; Schema: public; Owner: hudou_user
--

CREATE SEQUENCE hudou_housesold_seq
    START WITH 1
    INCREMENT BY 1
    NO MINVALUE
    NO MAXVALUE
    CACHE 1;


ALTER TABLE hudou_housesold_seq OWNER TO hudou_user;

--
-- Name: house_sold; Type: TABLE; Schema: public; Owner: hudou_user
--

CREATE TABLE house_sold (
    id integer DEFAULT nextval('hudou_housesold_seq'::regclass) NOT NULL,
    house_id integer,
    price double precision,
    special_price double precision,
    date date,
    status smallint,
    last_updated timestamp(0) without time zone DEFAULT NULL::timestamp without time zone,
    CONSTRAINT hudou_housesold_house_id_check CHECK ((house_id > 0)),
    CONSTRAINT hudou_housesold_id_check CHECK ((id > 0)),
    CONSTRAINT hudou_housesold_price_check CHECK ((price >= (0)::double precision)),
    CONSTRAINT hudou_housesold_special_price_check CHECK ((special_price >= (0)::double precision))
);


ALTER TABLE house_sold OWNER TO hudou_user;

--
-- Data for Name: area; Type: TABLE DATA; Schema: public; Owner: hudou_user
--

COPY area (id, lid, area_name, long, lat) FROM stdin;
1	2793425b-91b6-4497-8a0b-7807221c7e25	龙泉（川师）	104.20099999999999	30.565999999999999
2	7facc059-b025-485d-9526-7906773e9390	温江（西财）	103.821	30.6813
3	06b57da2-19a7-4bcd-9648-1eb252bf0ccf	犀浦（交大）	103.986	30.765799999999999
4	5b60ea9d-20ca-4de1-83cb-c8569823ea38	双流（川大江安）	104	30.5566
\.


--
-- Data for Name: daily_summary; Type: TABLE DATA; Schema: public; Owner: hudou_user
--

COPY daily_summary (id, total_rooms, sold_rooms, turnover, date, last_updated) FROM stdin;
29	57	18	2471.1200000000003	2018-01-09	2018-02-01 01:10:07
30	59	13	1829.0199999999998	2018-01-10	2018-02-01 01:10:07
31	58	15	2108.5599999999995	2018-01-11	2018-02-01 01:10:07
32	57	21	3430.1979999999999	2018-01-12	2018-02-01 01:10:07
33	59	16	2337.0199999999995	2018-01-16	2018-02-01 01:10:07
34	59	20	3012.6100000000006	2018-01-17	2018-02-01 01:10:07
35	59	17	2402.1700000000001	2018-01-18	2018-02-01 01:10:07
36	57	15	2418.1819999999993	2018-01-19	2018-02-01 01:10:07
37	65	11	1594.9199999999998	2018-01-24	2018-02-01 01:10:07
38	65	11	1594.9199999999998	2018-01-25	2018-02-01 01:10:07
39	63	13	2107.4540000000002	2018-01-26	2018-02-01 01:10:07
40	65	11	1561.0199999999998	2018-01-29	2018-02-01 01:10:07
41	65	11	1561.0199999999998	2018-01-30	2018-02-01 01:10:07
42	65	13	1834.9199999999998	2018-01-31	2018-02-01 01:10:07
43	62	10	1450.4199999999998	2018-02-01	2018-02-01 01:10:56
\.


--
-- Data for Name: house; Type: TABLE DATA; Schema: public; Owner: hudou_user
--

COPY house (id, uuid, lid, area_id, area_name, title, price, lang, lat, model, status, create_time, last_updated) FROM stdin;
1	38a3502e-9851-4c36-8d2c-79b76392b8c5	2793425b-91b6-4497-8a0b-7807221c7e25	1	龙泉（川师）	【龙泉】师大花园朴宿投影一居室2305b	136	104.19799999999999	30.5732	一室一厅一卫	1	2018-01-10 11:19:07	2018-01-10 11:19:07
2	ddce0bdc-dc6c-4f00-949c-348b13a33261	2793425b-91b6-4497-8a0b-7807221c7e25	1	龙泉（川师）	【龙泉】师大花园芷间一居室3122	136	104.19799999999999	30.574200000000001	一室一厅一卫	1	2018-01-10 11:19:07	2018-01-10 11:19:07
3	2c774e4a-b0bc-4820-be5a-4640bdb291d4	2793425b-91b6-4497-8a0b-7807221c7e25	1	龙泉（川师）	【龙泉】师大花园清筑一居室3118	136	104.19799999999999	30.573599999999999	一室一厅一卫	1	2018-01-10 11:19:07	2018-01-10 11:19:07
4	f6c420a6-eab2-4802-98c9-a21b53ff204f	2793425b-91b6-4497-8a0b-7807221c7e25	1	龙泉（川师）	【龙泉】师大花园二更投影一居室2205a	136	104.19799999999999	30.574000000000002	一室一厅一卫	1	2018-01-10 11:19:07	2018-01-10 11:19:07
5	c2722a35-e761-4a48-9a26-b5f90f3be139	2793425b-91b6-4497-8a0b-7807221c7e25	1	龙泉（川师）	【龙泉】师大花园无舍投影一居室2205b	136	104.19799999999999	30.574000000000002	一室一厅一卫	1	2018-01-10 11:19:07	2018-01-10 11:19:07
6	0cd49225-268f-48ec-86b4-0ed3b035985d	98a12da7-7c72-486d-8b04-c9550d24e474	1	龙泉（川师）	龙城一号热带风情一居室	100	104.20099999999999	30.5748	一室一厅一卫	1	2018-01-10 11:19:07	2018-01-10 11:19:07
7	75753803-00e9-4d95-ad30-0cf7f42b061e	98a12da7-7c72-486d-8b04-c9550d24e474	1	龙泉（川师）	龙城一号热情洋溢一居室	100	104.2	30.5749	一室一厅一卫	1	2018-01-10 11:19:07	2018-01-10 11:19:07
8	5043d9cc-d2ee-40e2-9409-851f5ecdbbaf	98a12da7-7c72-486d-8b04-c9550d24e474	1	龙泉（川师）	龙城一号清新淡雅一居室	100	104.2	30.5748	一室一厅一卫	1	2018-01-10 11:19:07	2018-01-10 11:19:07
9	805499da-ab72-4da7-96ae-dbafed343c91	7facc059-b025-485d-9526-7906773e9390	2	温江（西财）	【温江】1025客舍云中漫步影院大床房（智能门锁）	179.53999999999999	103.81999999999999	30.6754	一室一厅一卫	1	2018-01-10 11:19:07	2018-01-10 11:19:07
10	df68c07a-0177-4503-b557-291f467c35ac	a869b71d-e310-4475-a61a-317212b4a10e	1	龙泉（川师）	【龙泉】师大现代花园单间	134.09999999999999	104.2	30.572700000000001	一室一厅一卫	1	2018-01-10 11:19:07	2018-01-10 11:19:07
11	2cab37ce-3db5-4ad0-bb99-d1a938370d72	98a12da7-7c72-486d-8b04-c9550d24e474	1	龙泉（川师）	龙城一号北欧风情一居室	100	104.2	30.5748	一室一厅一卫	1	2018-01-10 11:19:07	2018-01-10 11:19:07
12	28af09f5-0e17-46aa-a551-ff16b54419a9	98a12da7-7c72-486d-8b04-c9550d24e474	1	龙泉（川师）	龙城一号欧式自然一居室	100	104.2	30.5763	一室一厅一卫	1	2018-01-10 11:19:07	2018-01-10 11:19:07
13	18225e84-d6a5-4060-9efd-262780c71bad	ae488ba2-1ff8-4c10-aaa7-b8f861e62efe	1	龙泉（川师）	炜岸影城阡陌一居（可做饭）	168	104.196	30.5764	一室一厅一卫	1	2018-01-10 11:19:07	2018-01-10 11:19:07
14	16e276c8-5ec0-428e-a613-4ae03861b77d	98a12da7-7c72-486d-8b04-c9550d24e474	1	龙泉（川师）	龙城一号欧雅风尚一居室	100	104.2	30.5749	一室一厅一卫	1	2018-01-10 11:19:07	2018-01-10 11:19:07
15	f889457a-551a-40b3-a127-22a5979050e3	98a12da7-7c72-486d-8b04-c9550d24e474	1	龙泉（川师）	龙城一号阳光落下一居室	100	104.2	30.5748	一室一厅一卫	1	2018-01-10 11:19:07	2018-01-10 11:19:07
16	fe28a330-4661-46e6-bffe-0c6940fc31e1	98a12da7-7c72-486d-8b04-c9550d24e474	1	龙泉（川师）	龙城一号雅致古韵一居室	100	104.20099999999999	30.5748	一室一厅一卫	1	2018-01-10 11:19:07	2018-01-10 11:19:07
17	ae238d8f-6776-492c-b7df-1d18ecbf51ac	f77056c7-4165-4bce-9ef3-4526e21a914a	4	双流（川大江安）	环球会展旁民宿（可做饭）	112.5	104.083	30.547999999999998	三室一厅一卫	1	2018-01-10 11:19:07	2018-01-10 11:19:07
18	23361f3d-0507-42c2-b785-fb6217f293d8	ae488ba2-1ff8-4c10-aaa7-b8f861e62efe	1	龙泉（川师）	炜岸城陌桑一居室	168	104.194	30.578700000000001	一室一厅一卫	1	2018-01-10 11:19:07	2018-01-10 11:19:07
19	455b5643-bb6a-4fb0-80c1-552f9ee640d2	98a12da7-7c72-486d-8b04-c9550d24e474	1	龙泉（川师）	龙城一号清爽简洁一居室	100	104.2	30.5749	一室一厅一卫	1	2018-01-10 11:19:07	2018-01-10 11:19:07
20	a317d09c-a8c4-487e-bd3d-47fb9a2e1a75	98a12da7-7c72-486d-8b04-c9550d24e474	1	龙泉（川师）	龙城一号简约风格一居室	100	104.2	30.5748	一室一厅一卫	1	2018-01-10 11:19:07	2018-01-10 11:19:07
21	9b3cbc48-436c-4121-98f4-f0d9c927afbd	7facc059-b025-485d-9526-7906773e9390	2	温江（西财）	【温江】1025客舍云中漫步影院大床房（智能门锁）	179.53999999999999	103.81999999999999	30.6753	一室一厅一卫	1	2018-01-10 11:19:07	2018-01-10 11:19:07
22	ca1f3d5f-ba08-4dff-9d5b-e11ea581a733	7facc059-b025-485d-9526-7906773e9390	2	温江（西财）	【温江】1025客舍罗马假日影院大床房（智能门锁）	179.53999999999999	103.81999999999999	30.6754	一室一厅一卫	1	2018-01-10 11:19:07	2018-01-10 11:19:07
23	564afce2-ae93-4f0c-89ae-0d0641554183	7facc059-b025-485d-9526-7906773e9390	2	温江（西财）	【温江】1025客舍咖啡诱惑豪华影院大床房（智能门锁）	190.91	103.819	30.6751	一室一厅一卫	1	2018-01-10 11:19:07	2018-01-10 11:19:07
24	eb696e1e-1166-41a3-8639-ff9b61c0512d	4b3be011-e969-4112-b19f-089cdb6f7f2a	2	温江（西财）	【温江】爱葳大床房	88.635999999999996	103.812	30.6904	一室一厅一卫	1	2018-01-10 11:19:07	2018-01-10 11:19:07
25	8fe520ea-5587-4401-b5e6-b659e2f46ecb	4b3be011-e969-4112-b19f-089cdb6f7f2a	2	温江（西财）	【温江】爱葳双床标间	111.363	103.81100000000001	30.6904	一室一厅一卫	1	2018-01-10 11:19:07	2018-01-10 11:19:07
26	37dc4449-4f1a-4fb9-9e5c-a5c2af12d5ac	34450184-40ca-4186-b79a-f042f4074836	2	温江（西财）	【温江】龙凤客栈单间	65.909000000000006	103.828	30.6844	一室一厅一卫	1	2018-01-10 11:19:07	2018-01-10 11:19:07
27	1b0036f3-247f-4ac6-b670-6306cb25599d	34450184-40ca-4186-b79a-f042f4074836	2	温江（西财）	【温江】龙凤客栈双床标间	88.635999999999996	103.828	30.6843	一室一厅一卫	1	2018-01-10 11:19:07	2018-01-10 11:19:07
28	867b4a5e-aee3-40dc-8572-f2bbeed2e5b2	4ad64f26-fb15-4347-a885-07a8b68dca30	2	温江（西财）	温江财院大床房	134.09999999999999	103.82899999999999	30.6845	一室一厅一卫	1	2018-01-10 11:19:07	2018-01-10 11:19:07
29	7dd93647-92f3-427d-8da1-88750e5704d7	a869b71d-e310-4475-a61a-317212b4a10e	1	龙泉（川师）	【龙泉】师大现代花园标间	134.09999999999999	104.19799999999999	30.574400000000001	一室一厅一卫	1	2018-01-10 11:19:07	2018-01-10 11:19:07
30	a0957bfa-842a-4583-9c53-16f6d43f68ea	a869b71d-e310-4475-a61a-317212b4a10e	1	龙泉（川师）	【龙泉】师大现代花园标间（带机麻）	179.53999999999999	104.19799999999999	30.5733	一室一厅一卫	1	2018-01-10 11:19:07	2018-01-10 11:19:07
31	e109b108-c033-423e-8588-63747e8572e0	a869b71d-e310-4475-a61a-317212b4a10e	1	龙泉（川师）	【龙泉】师大现代花园单间（有机麻）	179.53999999999999	104.199	30.5731	一室一厅一卫	1	2018-01-10 11:19:07	2018-01-10 11:19:07
32	c8045078-e441-40b4-b492-3b3ea666c457	98a12da7-7c72-486d-8b04-c9550d24e474	1	龙泉（川师）	北欧简约格调一居室（龙城一号店）	122.72	104.2	30.5749	一室一厅一卫	1	2018-01-10 11:19:07	2018-01-10 11:19:07
33	a51a0b4f-56d8-4e86-96d4-d31d8c24d1d8	9ad94cae-4406-4eb9-bb3d-3179a80c18cd	2	温江（西财）	【温江】驿客时光100寸影院双床房	225	103.81999999999999	30.6754	一室一厅一卫	1	2018-01-10 11:19:07	2018-01-10 11:19:07
34	c4f56c4e-0e95-4a72-ad44-b9c00e569541	9ad94cae-4406-4eb9-bb3d-3179a80c18cd	2	温江（西财）	【温江】驿客时光120寸影院大床房	225	103.81999999999999	30.6754	一室一厅一卫	1	2018-01-10 11:19:07	2018-01-10 11:19:07
35	8ddc1d84-6a68-483d-a2cc-7a1cc293c7bb	06b57da2-19a7-4bcd-9648-1eb252bf0ccf	3	犀浦（交大）	【犀浦】cici智能民宿独卧（智能门锁）	192.05000000000001	103.977	30.758900000000001	一室一厅一卫	1	2018-01-10 11:19:07	2018-01-10 11:19:07
36	aea23fa9-a8a1-4925-ac1a-94d76e560f30	06b57da2-19a7-4bcd-9648-1eb252bf0ccf	3	犀浦（交大）	【犀浦】cici民宿一居（智能门锁）	192.05000000000001	103.976	30.758900000000001	一室一厅一卫	1	2018-01-10 11:19:07	2018-01-10 11:19:07
37	1e7f76b6-50b0-4c53-9ad0-2fe19f6c1427	06b57da2-19a7-4bcd-9648-1eb252bf0ccf	3	犀浦（交大）	【犀浦】cici民宿一居（智能门锁）	192.05000000000001	103.976	30.758900000000001	一室一厅一卫	1	2018-01-10 11:19:07	2018-01-10 11:19:07
38	e4cd35d7-0c8f-46c8-8878-e15cade36d14	7facc059-b025-485d-9526-7906773e9390	2	温江（西财）	【温江】1025客舍茜茜公主影院圆床房（智能门锁）	190.90899999999999	103.81999999999999	30.6754	一室一厅一卫	1	2018-01-10 11:19:07	2018-01-10 11:19:07
39	b32f8b57-b144-49f2-b48f-068d0e67482b	7facc059-b025-485d-9526-7906773e9390	2	温江（西财）	【温江】1025客舍工业风影院双床房（智能门锁）	190.90899999999999	103.81999999999999	30.6754	一室一厅一卫	1	2018-01-10 11:19:07	2018-01-10 11:19:07
40	a83dc12c-f0e4-427a-b726-9fd7457a3040	ae488ba2-1ff8-4c10-aaa7-b8f861e62efe	1	龙泉（川师）	炜岸影城荏苒一居（可做饭）	168	104.196	30.5764	一室一厅一卫	1	2018-01-10 11:19:07	2018-01-10 11:19:07
41	27abf264-6cb2-4664-a90f-486f42420ed6	06b57da2-19a7-4bcd-9648-1eb252bf0ccf	3	犀浦（交大）	【犀浦】cici智能民宿套二（智能门锁）	226.13999999999999	103.976	30.758900000000001	两室一厅一卫	1	2018-01-10 11:19:07	2018-01-10 11:19:07
42	f646f446-3e58-479d-ae08-1893b6121c8a	06b57da2-19a7-4bcd-9648-1eb252bf0ccf	3	犀浦（交大）	【犀浦】cici智能民宿套二（智能门锁）	226.13999999999999	103.976	30.758900000000001	两室一厅一卫	1	2018-01-10 11:19:07	2018-01-10 11:19:07
43	589f4312-0e56-4cc9-9114-c19f80a5a8b7	9ad94cae-4406-4eb9-bb3d-3179a80c18cd	2	温江（西财）	【温江】驿客时光150寸影院商务套房	270.5	103.81999999999999	30.6754	一室一厅一卫	1	2018-01-10 11:19:07	2018-01-10 11:19:07
44	b27d3b95-aba5-41ef-b806-57f39f391f44	23cbd14c-9fed-4cfc-857e-27e828435195	1	龙泉（川师）	行政学院地铁站旁万科精装套二温馨居室	385.22699999999998	104.17100000000001	30.591899999999999	两室一厅一卫	1	2018-01-10 11:19:07	2018-01-10 11:19:07
45	9e5b16f9-58d0-44e7-b526-c68fa6092b3b	06b57da2-19a7-4bcd-9648-1eb252bf0ccf	3	犀浦（交大）	【犀浦】cici智能民宿套三（智能门锁）	453.41000000000003	103.97499999999999	30.755700000000001	三室一厅一卫	1	2018-01-10 11:19:07	2018-01-10 11:19:07
46	7422e5a9-1b05-4bcd-abb3-f8e642c3d822	2793425b-91b6-4497-8a0b-7807221c7e25	1	龙泉（川师）	【龙泉】师大花园微揽投影一居室2305a	136	104.19799999999999	30.573399999999999	一室一厅一卫	1	2018-01-10 11:19:07	2018-01-10 11:19:07
47	a6949452-cffb-4974-9bc4-e92d6ef7fbc0	2793425b-91b6-4497-8a0b-7807221c7e25	1	龙泉（川师）	【龙泉】师大花园莫野一居室3018	136	104.19799999999999	30.574000000000002	一室一厅一卫	1	2018-01-10 11:19:07	2018-01-10 11:19:07
48	920e1b37-4fb9-4645-aba0-3987eb87a1f0	2793425b-91b6-4497-8a0b-7807221c7e25	1	龙泉（川师）	【龙泉】师大花园隐西一居室3022	136	104.19799999999999	30.574100000000001	一室一厅一卫	1	2018-01-10 11:19:07	2018-01-10 11:19:07
49	bd7aa5a8-7f15-4cdc-be5e-216b04896097	98a12da7-7c72-486d-8b04-c9550d24e474	1	龙泉（川师）	龙城一号清新阳光一居室	100	104.2	30.5749	一室一厅一卫	1	2018-01-10 11:19:07	2018-01-10 11:19:07
50	4fc16e5f-4b74-4abe-8c8c-9396f05a3c73	ae488ba2-1ff8-4c10-aaa7-b8f861e62efe	1	龙泉（川师）	炜岸影城悠度一居（可做饭）	168	104.196	30.5764	一室一厅一卫	1	2018-01-10 11:19:07	2018-01-10 11:19:07
51	495607f6-af78-4670-b792-6e11089bf9c0	ae488ba2-1ff8-4c10-aaa7-b8f861e62efe	1	龙泉（川师）	炜岸商城青色一居室（可做饭）	168	104.196	30.576499999999999	一室一厅一卫	1	2018-01-10 11:19:07	2018-01-10 11:19:07
52	881ede87-73c2-43c4-86a3-e740ac5f71ff	ae488ba2-1ff8-4c10-aaa7-b8f861e62efe	1	龙泉（川师）	炜岸影城逆光一居（可做饭）	168	104.196	30.5764	一室一厅一卫	1	2018-01-10 11:19:07	2018-01-10 11:19:07
53	ae64a98e-1cea-4d5a-a5e2-87cabf3764ac	ae488ba2-1ff8-4c10-aaa7-b8f861e62efe	1	龙泉（川师）	炜岸商城流年一居室（可做饭，可月租）	156.80000000000001	104.196	30.576599999999999	一室一厅一卫	1	2018-01-10 11:19:07	2018-01-10 11:19:07
54	d7da0649-5233-4aff-8227-22feac440c28	5b60ea9d-20ca-4de1-83cb-c8569823ea38	4	双流（川大江安）	近机场/恬适小筑现代简约一居室可做饭！	134.09999999999999	104.005	30.572399999999998	一室一厅一卫	1	2018-01-10 11:19:07	2018-01-10 11:19:07
55	0679e5ed-7b6f-423b-a1f3-3ab4458c0bf9	5b60ea9d-20ca-4de1-83cb-c8569823ea38	4	双流（川大江安）	近机场，恬适小筑温馨一居室	112.5	104.009	30.569700000000001	一室一厅一卫	1	2018-01-10 11:19:07	2018-01-10 11:19:07
56	9b30103a-24ce-486f-8820-d68f2ac61fcc	ae488ba2-1ff8-4c10-aaa7-b8f861e62efe	1	龙泉（川师）	龙城一号华丽一居室	111.36	104.2	30.578700000000001	一室一厅一卫	1	2018-01-10 11:19:07	2018-01-10 11:19:07
57	dfdf8590-2a68-4557-a980-5c604ed1dd72	ae488ba2-1ff8-4c10-aaa7-b8f861e62efe	1	龙泉（川师）	龙城一号温馨一居室	111.36	104.203	30.575600000000001	一室一厅一卫	1	2018-01-10 11:19:07	2018-01-10 11:19:07
58	e867e424-0391-4764-9582-d85db78fb7a3	5b60ea9d-20ca-4de1-83cb-c8569823ea38	4	双流（川大江安）	空港国际城，恬适小筑田园loft	190.90000000000001	104.009	30.5685	一室一厅一卫	1	2018-01-10 11:19:07	2018-01-10 11:19:07
59	fb968112-4524-4fda-b1fd-5f8d283bc988	a869b71d-e310-4475-a61a-317212b4a10e	1	龙泉（川师）	【龙泉】师大现代花园单间	156.81999999999999	104.19799999999999	30.573399999999999	一室一厅一卫	1	2018-01-12 18:29:24	2018-01-12 18:29:24
60	85e25813-fa21-4ba0-af8c-459c0dfce0d3	98a12da7-7c72-486d-8b04-c9550d24e474	1	龙泉（川师）	北欧简约格调一居室（龙城一号店）	122.72	104.2	30.5749	一室一厅一卫	1	2018-01-18 10:12:14	2018-01-18 10:12:14
61	dc1411ba-bfd5-438d-89c5-595d135cb271	477d77e2-0ef4-42ee-abed-dee886f4091f	2	温江（西财）	教师公寓单间 可做饭家具齐全精装	90.900000000000006	52	52	其它一卫	1	2018-01-24 11:40:48	2018-01-24 11:40:48
62	46b8b06b-9f0c-46b4-b5dd-f1de28ed8986	6dc1e01a-7af7-4702-9da2-a9d950fab7c9	1	龙泉（川师）	【龙泉】亚庇风大床房	145.45400000000001	104.19799999999999	30.574000000000002	一室一厅一卫	1	2018-01-24 11:40:48	2018-01-24 11:40:48
63	bc7d3b46-53d3-43b1-a822-57dfec216170	6dc1e01a-7af7-4702-9da2-a9d950fab7c9	1	龙泉（川师）	【龙泉】康乃馨风大床房	145.45400000000001	104.19799999999999	30.574000000000002	一室一厅一卫	1	2018-01-24 11:40:49	2018-01-24 11:40:49
64	2c045f16-1a78-4c58-807d-be121a1ae553	6dc1e01a-7af7-4702-9da2-a9d950fab7c9	1	龙泉（川师）	【龙泉】琥珀宫风双大床房	145.45400000000001	104.19799999999999	30.574000000000002	一室一厅一卫	1	2018-01-24 11:40:49	2018-01-24 11:40:49
65	48404bf5-010b-43ca-b730-385be7a2a003	6dc1e01a-7af7-4702-9da2-a9d950fab7c9	1	龙泉（川师）	【龙泉】爱丽丝风大床房	145.45400000000001	104.19799999999999	30.574000000000002	一室一厅一卫	1	2018-01-24 11:40:49	2018-01-24 11:40:49
66	1e5a257c-cedd-456e-9f97-2e4625ced8f1	6dc1e01a-7af7-4702-9da2-a9d950fab7c9	1	龙泉（川师）	【龙泉】圣托里尼风双大床房	145.45400000000001	104.19799999999999	30.574000000000002	一室一厅一卫	1	2018-01-24 11:40:49	2018-01-24 11:40:49
67	048e45c4-269b-42fd-8892-31b6e4babbb4	6dc1e01a-7af7-4702-9da2-a9d950fab7c9	1	龙泉（川师）	【龙泉】天鹅堡风大床房	145.45400000000001	104.19799999999999	30.574000000000002	一室一厅一卫	1	2018-01-24 11:40:49	2018-01-24 11:40:49
\.


--
-- Data for Name: house_sold; Type: TABLE DATA; Schema: public; Owner: hudou_user
--

COPY house_sold (id, house_id, price, special_price, date, status, last_updated) FROM stdin;
1	1	136	0	2018-01-09	0	\N
2	2	136	0	2018-01-09	0	\N
3	3	100	0	2018-01-09	0	\N
4	4	100	0	2018-01-09	0	\N
5	5	100	0	2018-01-09	0	\N
6	6	179.53999999999999	0	2018-01-09	0	\N
7	7	134.09999999999999	0	2018-01-09	0	\N
8	8	100	0	2018-01-09	0	\N
9	9	168	0	2018-01-09	0	\N
10	10	100	0	2018-01-09	0	\N
11	11	100	0	2018-01-09	0	\N
12	12	100	0	2018-01-09	0	\N
13	13	112.5	0	2018-01-09	0	\N
14	14	168	0	2018-01-09	0	\N
15	15	100	90	2018-01-09	0	\N
16	16	100	85.219999999999999	2018-01-09	0	\N
17	17	179.53999999999999	78.409999999999997	2018-01-09	0	\N
18	18	179.53999999999999	101.14	2018-01-09	0	\N
19	19	190.91	0	2018-01-09	0	\N
20	20	88.635999999999996	0	2018-01-09	0	\N
21	21	111.363	0	2018-01-09	0	\N
22	22	65.909000000000006	0	2018-01-09	0	\N
23	23	88.635999999999996	0	2018-01-09	0	\N
24	24	134.09999999999999	0	2018-01-09	0	\N
25	25	134.09999999999999	0	2018-01-09	0	\N
26	26	179.53999999999999	0	2018-01-09	0	\N
27	27	179.53999999999999	0	2018-01-09	0	\N
28	28	122.72	0	2018-01-09	0	\N
29	29	225	0	2018-01-09	0	\N
30	30	225	0	2018-01-09	0	\N
31	31	180.68100000000001	0	2018-01-09	0	\N
32	32	180.68100000000001	0	2018-01-09	0	\N
33	33	190.90899999999999	135.22999999999999	2018-01-09	0	\N
34	34	190.90899999999999	0	2018-01-09	0	\N
35	35	168	0	2018-01-09	0	\N
36	36	203.40899999999999	0	2018-01-09	0	\N
37	37	270.5	0	2018-01-09	0	\N
38	38	339.77199999999999	0	2018-01-09	0	\N
39	39	385.22699999999998	0	2018-01-09	0	\N
40	40	136	0	2018-01-09	1	\N
41	41	136	0	2018-01-09	1	\N
42	42	136	97.409999999999997	2018-01-09	1	\N
43	43	136	0	2018-01-09	1	\N
44	44	136	0	2018-01-09	1	\N
45	45	136	0	2018-01-09	1	\N
46	46	100	0	2018-01-09	1	\N
47	47	168	0	2018-01-09	1	\N
48	48	168	0	2018-01-09	1	\N
49	49	100	0	2018-01-09	1	\N
50	50	168	0	2018-01-09	1	\N
51	51	134.09999999999999	0	2018-01-09	1	\N
52	52	156.80000000000001	0	2018-01-09	1	\N
53	53	134.09999999999999	0	2018-01-09	1	\N
54	54	112.5	0	2018-01-09	1	\N
55	55	111.36	0	2018-01-09	1	\N
56	56	111.36	0	2018-01-09	1	\N
57	57	190.90000000000001	0	2018-01-09	1	\N
58	1	136	0	2018-01-10	0	\N
59	40	168	0	2018-01-10	0	\N
60	41	226.13999999999999	0	2018-01-10	0	\N
61	43	270.5	0	2018-01-10	0	\N
62	2	136	0	2018-01-10	0	\N
63	3	136	0	2018-01-10	0	\N
64	4	136	0	2018-01-10	0	\N
65	5	136	0	2018-01-10	0	\N
66	6	100	0	2018-01-10	0	\N
67	7	100	0	2018-01-10	0	\N
68	49	100	0	2018-01-10	1	2018-01-10 10:16:22
69	8	100	0	2018-01-10	0	\N
70	9	179.53999999999999	0	2018-01-10	0	\N
71	10	134.09999999999999	0	2018-01-10	0	\N
72	11	100	56.82	2018-01-10	0	\N
73	12	100	0	2018-01-10	0	\N
74	13	168	0	2018-01-10	0	\N
75	14	100	0	2018-01-10	0	\N
76	15	100	0	2018-01-10	0	\N
77	16	100	0	2018-01-10	0	\N
78	17	112.5	0	2018-01-10	0	\N
79	18	168	0	2018-01-10	0	\N
80	19	100	0	2018-01-10	0	\N
81	20	100	85.219999999999999	2018-01-10	0	\N
82	21	179.53999999999999	78.409999999999997	2018-01-10	0	\N
83	22	179.53999999999999	101.14	2018-01-10	0	\N
84	23	190.91	0	2018-01-10	0	\N
85	24	88.635999999999996	0	2018-01-10	0	\N
86	25	111.363	0	2018-01-10	0	\N
87	26	65.909000000000006	0	2018-01-10	0	\N
88	27	88.635999999999996	0	2018-01-10	0	\N
89	28	134.09999999999999	0	2018-01-10	0	\N
90	29	134.09999999999999	0	2018-01-10	0	\N
91	30	179.53999999999999	0	2018-01-10	0	\N
92	31	179.53999999999999	0	2018-01-10	0	\N
93	58	190.90000000000001	0	2018-01-10	1	2018-01-10 10:16:22
94	32	122.72	0	2018-01-10	0	\N
95	33	225	0	2018-01-10	0	\N
96	34	225	0	2018-01-10	0	\N
97	35	192.05000000000001	101.14	2018-01-10	0	\N
98	59	226.13999999999999	0	2018-01-10	0	\N
99	36	192.05000000000001	78.409999999999997	2018-01-10	0	\N
100	37	192.05000000000001	0	2018-01-10	0	\N
101	39	190.90899999999999	0	2018-01-10	0	\N
102	38	190.90899999999999	135.22999999999999	2018-01-10	0	\N
103	42	226.13999999999999	135.22999999999999	2018-01-10	0	\N
104	44	385.22699999999998	0	2018-01-10	0	\N
105	45	453.41000000000003	0	2018-01-10	0	\N
106	46	136	97.409999999999997	2018-01-10	1	2018-01-10 10:16:22
107	47	136	0	2018-01-10	1	2018-01-10 10:16:22
108	48	136	0	2018-01-10	1	2018-01-10 10:16:22
109	50	168	0	2018-01-10	1	2018-01-10 10:16:22
110	52	168	0	2018-01-10	1	2018-01-10 10:16:22
111	53	156.80000000000001	0	2018-01-10	1	2018-01-10 10:16:22
112	54	134.09999999999999	0	2018-01-10	1	2018-01-10 10:16:22
113	55	112.5	0	2018-01-10	1	2018-01-10 10:16:22
114	56	111.36	0	2018-01-10	1	2018-01-10 10:16:22
115	57	111.36	0	2018-01-10	1	2018-01-10 10:16:22
116	51	168	0	2018-01-10	1	2018-01-10 10:16:22
117	1	136	0	2018-01-11	0	2018-01-11 13:02:12
118	2	136	0	2018-01-11	0	2018-01-11 13:02:12
119	3	136	0	2018-01-11	0	2018-01-11 13:02:12
120	4	136	0	2018-01-11	0	2018-01-11 13:02:12
121	48	136	0	2018-01-11	0	2018-01-11 13:02:12
122	6	100	0	2018-01-11	0	2018-01-11 13:02:12
123	7	100	0	2018-01-11	0	2018-01-11 13:02:12
124	8	100	0	2018-01-11	0	2018-01-11 13:02:12
125	9	179.53999999999999	0	2018-01-11	0	2018-01-11 13:02:12
126	10	134.09999999999999	0	2018-01-11	0	2018-01-11 13:02:12
127	12	100	0	2018-01-11	0	2018-01-11 13:02:12
128	13	168	0	2018-01-11	0	2018-01-11 13:02:12
129	14	100	0	2018-01-11	0	2018-01-11 13:02:12
130	15	100	0	2018-01-11	0	2018-01-11 13:02:12
131	16	100	0	2018-01-11	0	2018-01-11 13:02:12
132	17	112.5	0	2018-01-11	0	2018-01-11 13:02:12
133	18	168	0	2018-01-11	0	2018-01-11 13:02:12
134	19	100	0	2018-01-11	0	2018-01-11 13:02:12
135	20	100	85.219999999999999	2018-01-11	0	2018-01-11 13:02:12
136	21	179.53999999999999	78.409999999999997	2018-01-11	0	2018-01-11 13:02:12
137	23	190.91	0	2018-01-11	0	2018-01-11 13:02:12
138	24	88.635999999999996	0	2018-01-11	0	2018-01-11 13:02:12
139	25	111.363	0	2018-01-11	0	2018-01-11 13:02:12
140	26	65.909000000000006	0	2018-01-11	0	2018-01-11 13:02:12
141	27	88.635999999999996	0	2018-01-11	0	2018-01-11 13:02:12
142	28	134.09999999999999	0	2018-01-11	0	2018-01-11 13:02:12
143	29	134.09999999999999	0	2018-01-11	0	2018-01-11 13:02:12
144	30	179.53999999999999	0	2018-01-11	0	2018-01-11 13:02:12
145	31	179.53999999999999	0	2018-01-11	0	2018-01-11 13:02:12
146	32	122.72	0	2018-01-11	0	2018-01-11 13:02:12
147	33	225	0	2018-01-11	0	2018-01-11 13:02:12
148	34	225	0	2018-01-11	0	2018-01-11 13:02:12
149	35	192.05000000000001	101.14	2018-01-11	0	2018-01-11 13:02:12
150	36	192.05000000000001	78.409999999999997	2018-01-11	0	2018-01-11 13:02:12
151	37	192.05000000000001	0	2018-01-11	0	2018-01-11 13:02:12
152	38	190.90899999999999	135.22999999999999	2018-01-11	0	2018-01-11 13:02:12
153	39	190.90899999999999	0	2018-01-11	0	2018-01-11 13:02:12
154	40	168	0	2018-01-11	0	2018-01-11 13:02:12
155	41	226.13999999999999	0	2018-01-11	0	2018-01-11 13:02:12
156	42	226.13999999999999	135.22999999999999	2018-01-11	0	2018-01-11 13:02:12
157	43	270.5	0	2018-01-11	0	2018-01-11 13:02:12
158	44	385.22699999999998	0	2018-01-11	0	2018-01-11 13:02:12
159	45	453.41000000000003	0	2018-01-11	0	2018-01-11 13:02:12
160	46	136	97.409999999999997	2018-01-11	1	2018-01-11 13:02:12
161	5	136	102.28	2018-01-11	1	2018-01-11 13:02:12
162	47	136	0	2018-01-11	1	2018-01-11 13:02:12
163	49	100	0	2018-01-11	1	2018-01-11 13:02:12
164	50	168	0	2018-01-11	1	2018-01-11 13:02:12
165	51	168	0	2018-01-11	1	2018-01-11 13:02:12
166	11	100	56.82	2018-01-11	1	2018-01-11 13:02:12
167	52	168	0	2018-01-11	1	2018-01-11 13:02:12
168	53	156.80000000000001	0	2018-01-11	1	2018-01-11 13:02:12
169	22	179.53999999999999	101.14	2018-01-11	1	2018-01-11 13:02:12
170	54	134.09999999999999	0	2018-01-11	1	2018-01-11 13:02:12
171	55	112.5	0	2018-01-11	1	2018-01-11 13:02:12
172	56	111.36	0	2018-01-11	1	2018-01-11 13:02:12
173	57	111.36	0	2018-01-11	1	2018-01-11 13:02:12
174	58	190.90000000000001	0	2018-01-11	1	2018-01-11 13:02:12
175	3	156.81800000000001	0	2018-01-12	1	2018-01-12 12:21:52
176	48	156.81800000000001	0	2018-01-12	0	2018-01-12 12:21:52
177	6	134.09999999999999	0	2018-01-12	0	2018-01-12 12:21:52
178	7	134.09999999999999	0	2018-01-12	0	2018-01-12 12:21:52
179	8	134.09999999999999	0	2018-01-12	0	2018-01-12 12:21:52
180	9	213.63	0	2018-01-12	0	2018-01-12 12:21:52
181	10	178	0	2018-01-12	0	2018-01-12 12:21:52
182	11	134.09999999999999	90	2018-01-12	0	2018-01-12 12:21:52
183	12	134.09999999999999	0	2018-01-12	0	2018-01-12 12:21:52
184	13	188	0	2018-01-12	0	2018-01-12 12:21:52
185	14	134.09999999999999	0	2018-01-12	0	2018-01-12 12:21:52
186	15	134.09999999999999	0	2018-01-12	0	2018-01-12 12:21:52
187	16	134.09999999999999	0	2018-01-12	0	2018-01-12 12:21:52
188	17	112.5	0	2018-01-12	0	2018-01-12 12:21:52
189	19	134.09999999999999	0	2018-01-12	0	2018-01-12 12:21:52
190	20	134.09999999999999	0	2018-01-12	0	2018-01-12 12:21:52
191	21	213.636	0	2018-01-12	0	2018-01-12 12:21:52
192	24	88.635999999999996	0	2018-01-12	0	2018-01-12 12:21:52
193	25	111.363	0	2018-01-12	0	2018-01-12 12:21:52
194	26	65.909000000000006	0	2018-01-12	0	2018-01-12 12:21:52
195	27	88.635999999999996	0	2018-01-12	0	2018-01-12 12:21:52
196	28	134.09999999999999	0	2018-01-12	0	2018-01-12 12:21:52
197	29	156.81999999999999	0	2018-01-12	0	2018-01-12 12:21:52
198	30	178	0	2018-01-12	0	2018-01-12 12:21:52
199	31	178	0	2018-01-12	0	2018-01-12 12:21:52
200	32	156.81	0	2018-01-12	0	2018-01-12 12:21:52
201	33	225	0	2018-01-12	0	2018-01-12 12:21:52
202	34	225	0	2018-01-12	0	2018-01-12 12:21:52
203	35	192.05000000000001	0	2018-01-12	0	2018-01-12 12:21:52
204	37	192.05000000000001	0	2018-01-12	0	2018-01-12 12:21:52
205	38	213.636	0	2018-01-12	0	2018-01-12 12:21:52
206	39	213.636	0	2018-01-12	0	2018-01-12 12:21:52
207	42	226.13999999999999	0	2018-01-12	0	2018-01-12 12:21:52
208	43	270.5	0	2018-01-12	0	2018-01-12 12:21:52
209	44	385.22699999999998	0	2018-01-12	0	2018-01-12 12:21:52
210	45	453.41000000000003	0	2018-01-12	0	2018-01-12 12:21:52
211	1	156.81800000000001	0	2018-01-12	1	2018-01-12 12:21:52
212	2	156.81800000000001	0	2018-01-12	1	2018-01-12 12:21:52
213	46	156.81800000000001	97.409999999999997	2018-01-12	1	2018-01-12 12:21:52
214	4	156.81800000000001	0	2018-01-12	1	2018-01-12 12:21:52
215	5	156.81800000000001	102.28	2018-01-12	1	2018-01-12 12:21:52
216	47	156.81800000000001	0	2018-01-12	1	2018-01-12 12:21:52
217	49	134.09999999999999	0	2018-01-12	1	2018-01-12 12:21:52
218	50	188	0	2018-01-12	1	2018-01-12 12:21:52
219	51	168	0	2018-01-12	1	2018-01-12 12:21:52
220	52	188	0	2018-01-12	1	2018-01-12 12:21:52
221	18	188	0	2018-01-12	1	2018-01-12 12:21:52
222	53	156.80000000000001	0	2018-01-12	1	2018-01-12 12:21:52
223	22	213.636	0	2018-01-12	1	2018-01-12 12:21:52
224	23	213.636	0	2018-01-12	1	2018-01-12 12:21:52
225	54	134.09999999999999	0	2018-01-12	1	2018-01-12 12:21:52
226	55	123.86	0	2018-01-12	1	2018-01-12 12:21:52
227	56	122.72	0	2018-01-12	1	2018-01-12 12:21:52
228	57	122.72	0	2018-01-12	1	2018-01-12 12:21:52
229	58	190.90000000000001	0	2018-01-12	1	2018-01-12 12:21:52
230	40	188	0	2018-01-12	1	2018-01-12 12:21:52
231	59	156.81999999999999	0	2018-01-12	0	2018-01-12 18:29:24
232	46	136	0	2018-01-16	0	2018-01-16 13:48:10
233	5	136	0	2018-01-16	0	2018-01-16 13:48:10
234	48	136	0	2018-01-16	0	2018-01-16 13:48:10
235	49	100	0	2018-01-16	0	2018-01-16 13:48:10
236	6	100	0	2018-01-16	0	2018-01-16 13:48:10
237	7	100	0	2018-01-16	0	2018-01-16 13:48:10
238	11	100	70	2018-01-16	0	2018-01-16 13:48:10
239	8	100	0	2018-01-16	0	2018-01-16 13:48:10
240	9	179.53999999999999	0	2018-01-16	0	2018-01-16 13:48:10
241	10	134.09999999999999	0	2018-01-16	0	2018-01-16 13:48:10
242	20	100	0	2018-01-16	0	2018-01-16 13:48:10
243	12	100	0	2018-01-16	0	2018-01-16 13:48:10
244	13	168	0	2018-01-16	1	2018-01-16 13:48:10
245	59	136	0	2018-01-16	0	2018-01-16 13:48:10
246	14	100	0	2018-01-16	0	2018-01-16 13:48:10
247	15	100	0	2018-01-16	0	2018-01-16 13:48:10
248	16	100	0	2018-01-16	0	2018-01-16 13:48:10
249	17	112.5	0	2018-01-16	0	2018-01-16 13:48:10
250	18	168	0	2018-01-16	0	2018-01-16 13:48:10
251	19	100	0	2018-01-16	0	2018-01-16 13:48:10
252	21	179.53999999999999	78.409999999999997	2018-01-16	0	2018-01-16 13:48:10
253	22	179.53999999999999	101.14	2018-01-16	0	2018-01-16 13:48:10
254	23	190.91	0	2018-01-16	0	2018-01-16 13:48:10
255	24	88.635999999999996	0	2018-01-16	0	2018-01-16 13:48:10
256	25	111.363	0	2018-01-16	0	2018-01-16 13:48:10
257	26	65.909000000000006	0	2018-01-16	0	2018-01-16 13:48:10
258	27	88.635999999999996	0	2018-01-16	0	2018-01-16 13:48:10
259	28	134.09999999999999	0	2018-01-16	0	2018-01-16 13:48:10
260	29	136	0	2018-01-16	0	2018-01-16 13:48:10
261	30	179.53999999999999	0	2018-01-16	0	2018-01-16 13:48:10
262	31	179.53999999999999	0	2018-01-16	0	2018-01-16 13:48:10
263	32	122.72	0	2018-01-16	0	2018-01-16 13:48:11
264	33	225	0	2018-01-16	0	2018-01-16 13:48:11
265	34	225	0	2018-01-16	0	2018-01-16 13:48:11
266	35	192.05000000000001	101.14	2018-01-16	0	2018-01-16 13:48:11
267	36	192.05000000000001	78.409999999999997	2018-01-16	0	2018-01-16 13:48:11
268	37	192.05000000000001	0	2018-01-16	0	2018-01-16 13:48:11
269	38	190.90899999999999	135.22999999999999	2018-01-16	0	2018-01-16 13:48:11
270	39	190.90899999999999	0	2018-01-16	0	2018-01-16 13:48:11
271	41	226.13999999999999	0	2018-01-16	0	2018-01-16 13:48:11
272	42	226.13999999999999	135.22999999999999	2018-01-16	0	2018-01-16 13:48:11
273	43	270.5	0	2018-01-16	0	2018-01-16 13:48:11
274	44	385.22699999999998	0	2018-01-16	0	2018-01-16 13:48:11
275	45	453.41000000000003	0	2018-01-16	0	2018-01-16 13:48:11
276	1	136	0	2018-01-16	1	2018-01-16 13:48:11
277	2	136	0	2018-01-16	1	2018-01-16 13:48:11
278	3	136	102.273	2018-01-16	1	2018-01-16 13:48:11
279	4	136	102.273	2018-01-16	1	2018-01-16 13:48:11
280	47	136	0	2018-01-16	1	2018-01-16 13:48:11
281	50	168	0	2018-01-16	1	2018-01-16 13:48:11
282	51	168	0	2018-01-16	1	2018-01-16 13:48:11
283	52	168	0	2018-01-16	1	2018-01-16 13:48:11
284	53	156.80000000000001	0	2018-01-16	1	2018-01-16 13:48:11
285	54	134.09999999999999	0	2018-01-16	1	2018-01-16 13:48:11
286	55	112.5	0	2018-01-16	1	2018-01-16 13:48:11
287	56	111.36	0	2018-01-16	1	2018-01-16 13:48:11
288	57	111.36	0	2018-01-16	1	2018-01-16 13:48:11
289	58	190.90000000000001	0	2018-01-16	1	2018-01-16 13:48:11
290	40	168	0	2018-01-16	1	2018-01-16 13:48:11
291	1	136	0	2018-01-17	1	2018-01-17 12:24:43
292	2	136	0	2018-01-17	0	2018-01-17 12:24:43
293	46	136	0	2018-01-17	1	2018-01-17 12:24:43
294	5	136	0	2018-01-17	0	2018-01-17 12:24:43
295	49	100	0	2018-01-17	0	2018-01-17 12:24:43
296	6	100	0	2018-01-17	0	2018-01-17 12:24:43
297	7	100	0	2018-01-17	0	2018-01-17 12:24:43
298	11	100	70	2018-01-17	0	2018-01-17 12:24:43
299	8	100	0	2018-01-17	0	2018-01-17 12:24:43
300	9	179.53999999999999	0	2018-01-17	0	2018-01-17 12:24:43
301	10	134.09999999999999	0	2018-01-17	0	2018-01-17 12:24:43
302	20	100	0	2018-01-17	0	2018-01-17 12:24:43
303	12	100	0	2018-01-17	0	2018-01-17 12:24:43
304	59	136	0	2018-01-17	0	2018-01-17 12:24:43
305	14	100	0	2018-01-17	0	2018-01-17 12:24:43
306	15	100	0	2018-01-17	0	2018-01-17 12:24:43
307	16	100	0	2018-01-17	0	2018-01-17 12:24:43
308	17	112.5	0	2018-01-17	0	2018-01-17 12:24:43
309	19	100	0	2018-01-17	0	2018-01-17 12:24:43
310	22	179.53999999999999	101.14	2018-01-17	0	2018-01-17 12:24:43
311	23	190.91	0	2018-01-17	0	2018-01-17 12:24:43
312	24	88.635999999999996	0	2018-01-17	0	2018-01-17 12:24:43
313	25	111.363	0	2018-01-17	0	2018-01-17 12:24:43
314	26	65.909000000000006	0	2018-01-17	0	2018-01-17 12:24:43
315	27	88.635999999999996	0	2018-01-17	0	2018-01-17 12:24:43
316	28	134.09999999999999	0	2018-01-17	0	2018-01-17 12:24:43
317	29	136	0	2018-01-17	0	2018-01-17 12:24:44
318	30	179.53999999999999	0	2018-01-17	0	2018-01-17 12:24:44
319	31	179.53999999999999	0	2018-01-17	0	2018-01-17 12:24:44
320	32	122.72	0	2018-01-17	0	2018-01-17 12:24:44
321	33	225	0	2018-01-17	0	2018-01-17 12:24:44
322	34	225	0	2018-01-17	0	2018-01-17 12:24:44
323	35	192.05000000000001	101.14	2018-01-17	0	2018-01-17 12:24:44
324	37	192.05000000000001	0	2018-01-17	0	2018-01-17 12:24:44
325	38	190.90899999999999	135.22999999999999	2018-01-17	0	2018-01-17 12:24:44
326	39	190.90899999999999	0	2018-01-17	0	2018-01-17 12:24:44
327	41	226.13999999999999	0	2018-01-17	0	2018-01-17 12:24:44
328	42	226.13999999999999	135.22999999999999	2018-01-17	0	2018-01-17 12:24:44
329	43	270.5	0	2018-01-17	0	2018-01-17 12:24:44
330	44	385.22699999999998	0	2018-01-17	0	2018-01-17 12:24:44
331	45	453.41000000000003	0	2018-01-17	0	2018-01-17 12:24:44
332	3	136	102.273	2018-01-17	1	2018-01-17 12:24:44
333	4	136	102.273	2018-01-17	1	2018-01-17 12:24:44
334	47	136	90.909099999999995	2018-01-17	1	2018-01-17 12:24:44
335	48	136	102.273	2018-01-17	1	2018-01-17 12:24:44
336	50	168	0	2018-01-17	1	2018-01-17 12:24:44
337	51	168	0	2018-01-17	1	2018-01-17 12:24:44
338	52	168	0	2018-01-17	1	2018-01-17 12:24:44
339	13	168	0	2018-01-17	1	2018-01-17 12:24:44
340	18	168	0	2018-01-17	1	2018-01-17 12:24:44
341	53	156.80000000000001	0	2018-01-17	1	2018-01-17 12:24:44
342	21	179.53999999999999	78.409999999999997	2018-01-17	1	2018-01-17 12:24:44
343	54	134.09999999999999	0	2018-01-17	1	2018-01-17 12:24:44
344	55	112.5	0	2018-01-17	1	2018-01-17 12:24:44
345	56	111.36	0	2018-01-17	1	2018-01-17 12:24:44
346	57	111.36	0	2018-01-17	1	2018-01-17 12:24:44
347	36	192.05000000000001	78.409999999999997	2018-01-17	1	2018-01-17 12:24:44
348	58	190.90000000000001	0	2018-01-17	1	2018-01-17 12:24:44
349	40	168	0	2018-01-17	1	2018-01-17 12:24:44
350	2	136	0	2018-01-18	0	2018-01-18 10:12:14
351	46	136	0	2018-01-18	0	2018-01-18 10:12:14
352	4	136	0	2018-01-18	0	2018-01-18 10:12:14
353	5	136	0	2018-01-18	0	2018-01-18 10:12:14
354	49	100	90	2018-01-18	0	2018-01-18 10:12:14
355	6	100	0	2018-01-18	0	2018-01-18 10:12:14
356	7	100	0	2018-01-18	0	2018-01-18 10:12:14
357	8	100	0	2018-01-18	0	2018-01-18 10:12:14
358	9	179.53999999999999	0	2018-01-18	0	2018-01-18 10:12:14
359	10	134.09999999999999	0	2018-01-18	0	2018-01-18 10:12:14
360	20	100	0	2018-01-18	0	2018-01-18 10:12:14
361	59	136	0	2018-01-18	0	2018-01-18 10:12:14
362	14	100	0	2018-01-18	0	2018-01-18 10:12:14
363	16	100	0	2018-01-18	0	2018-01-18 10:12:14
364	17	112.5	0	2018-01-18	0	2018-01-18 10:12:14
365	19	100	90	2018-01-18	0	2018-01-18 10:12:14
366	60	122.72	115	2018-01-18	0	2018-01-18 10:12:14
367	21	179.53999999999999	78.409999999999997	2018-01-18	0	2018-01-18 10:12:14
368	22	179.53999999999999	101.14	2018-01-18	0	2018-01-18 10:12:14
369	23	190.91	0	2018-01-18	0	2018-01-18 10:12:14
370	24	88.635999999999996	0	2018-01-18	0	2018-01-18 10:12:14
371	25	111.363	0	2018-01-18	0	2018-01-18 10:12:14
372	26	65.909000000000006	0	2018-01-18	0	2018-01-18 10:12:14
373	27	88.635999999999996	0	2018-01-18	0	2018-01-18 10:12:14
374	28	134.09999999999999	0	2018-01-18	0	2018-01-18 10:12:14
375	29	136	0	2018-01-18	0	2018-01-18 10:12:14
376	30	179.53999999999999	0	2018-01-18	0	2018-01-18 10:12:14
377	31	179.53999999999999	0	2018-01-18	0	2018-01-18 10:12:14
378	32	122.72	0	2018-01-18	0	2018-01-18 10:12:14
379	33	225	0	2018-01-18	0	2018-01-18 10:12:14
380	34	225	0	2018-01-18	0	2018-01-18 10:12:14
381	35	192.05000000000001	101.14	2018-01-18	0	2018-01-18 10:12:14
382	37	192.05000000000001	0	2018-01-18	0	2018-01-18 10:12:14
383	38	190.90899999999999	135.22999999999999	2018-01-18	0	2018-01-18 10:12:14
384	39	190.90899999999999	0	2018-01-18	0	2018-01-18 10:12:14
385	58	190.90000000000001	0	2018-01-18	0	2018-01-18 10:12:14
386	40	168	0	2018-01-18	0	2018-01-18 10:12:14
387	41	226.13999999999999	0	2018-01-18	0	2018-01-18 10:12:14
388	42	226.13999999999999	135.22999999999999	2018-01-18	0	2018-01-18 10:12:14
389	43	270.5	0	2018-01-18	0	2018-01-18 10:12:14
390	44	385.22699999999998	0	2018-01-18	0	2018-01-18 10:12:14
391	45	453.41000000000003	0	2018-01-18	0	2018-01-18 10:12:14
392	1	136	0	2018-01-18	1	2018-01-18 10:12:14
393	3	136	102.273	2018-01-18	1	2018-01-18 10:12:14
394	47	136	90.909099999999995	2018-01-18	1	2018-01-18 10:12:14
395	48	136	102.273	2018-01-18	1	2018-01-18 10:12:14
396	50	168	0	2018-01-18	1	2018-01-18 10:12:14
397	11	100	70	2018-01-18	1	2018-01-18 10:12:14
398	51	168	0	2018-01-18	1	2018-01-18 10:12:14
399	12	100	90	2018-01-18	1	2018-01-18 10:12:14
400	52	168	0	2018-01-18	1	2018-01-18 10:12:14
401	13	168	0	2018-01-18	1	2018-01-18 10:12:14
402	18	168	0	2018-01-18	1	2018-01-18 10:12:14
403	53	156.80000000000001	0	2018-01-18	1	2018-01-18 10:12:14
404	54	134.09999999999999	0	2018-01-18	1	2018-01-18 10:12:14
405	55	112.5	0	2018-01-18	1	2018-01-18 10:12:14
406	56	111.36	0	2018-01-18	1	2018-01-18 10:12:14
407	57	111.36	0	2018-01-18	1	2018-01-18 10:12:14
408	36	192.05000000000001	78.409999999999997	2018-01-18	1	2018-01-18 10:12:14
409	1	156.81800000000001	0	2018-01-19	0	2018-01-19 10:24:09
410	46	156.81800000000001	0	2018-01-19	0	2018-01-19 10:24:09
411	4	156.81800000000001	0	2018-01-19	0	2018-01-19 10:24:09
412	5	156.81800000000001	0	2018-01-19	0	2018-01-19 10:24:09
413	49	134.09999999999999	120	2018-01-19	0	2018-01-19 10:24:09
414	11	134.09999999999999	90	2018-01-19	0	2018-01-19 10:24:09
415	6	134.09999999999999	0	2018-01-19	0	2018-01-19 10:24:09
416	7	134.09999999999999	0	2018-01-19	0	2018-01-19 10:24:09
417	8	134.09999999999999	0	2018-01-19	0	2018-01-19 10:24:09
418	9	213.63	0	2018-01-19	0	2018-01-19 10:24:09
419	10	178	136	2018-01-19	0	2018-01-19 10:24:09
420	20	134.09999999999999	0	2018-01-19	0	2018-01-19 10:24:09
421	12	134.09999999999999	120	2018-01-19	0	2018-01-19 10:24:09
422	59	156.81999999999999	136	2018-01-19	0	2018-01-19 10:24:09
423	14	134.09999999999999	0	2018-01-19	0	2018-01-19 10:24:09
424	16	134.09999999999999	0	2018-01-19	0	2018-01-19 10:24:09
425	17	112.5	0	2018-01-19	0	2018-01-19 10:24:09
426	19	134.09999999999999	120	2018-01-19	0	2018-01-19 10:24:09
427	21	213.636	0	2018-01-19	0	2018-01-19 10:24:09
428	22	213.636	0	2018-01-19	0	2018-01-19 10:24:09
429	23	213.636	0	2018-01-19	0	2018-01-19 10:24:09
430	54	134.09999999999999	0	2018-01-19	0	2018-01-19 10:24:09
431	24	88.635999999999996	0	2018-01-19	0	2018-01-19 10:24:09
432	25	111.363	0	2018-01-19	0	2018-01-19 10:24:09
433	26	65.909000000000006	0	2018-01-19	0	2018-01-19 10:24:09
434	27	88.635999999999996	0	2018-01-19	0	2018-01-19 10:24:09
435	28	134.09999999999999	0	2018-01-19	0	2018-01-19 10:24:09
436	29	156.81999999999999	136	2018-01-19	0	2018-01-19 10:24:09
437	30	178	0	2018-01-19	0	2018-01-19 10:24:09
438	31	178	0	2018-01-19	0	2018-01-19 10:24:09
439	32	156.81	0	2018-01-19	0	2018-01-19 10:24:09
440	33	225	0	2018-01-19	0	2018-01-19 10:24:09
441	34	225	0	2018-01-19	0	2018-01-19 10:24:09
442	35	192.05000000000001	0	2018-01-19	0	2018-01-19 10:24:09
443	37	192.05000000000001	0	2018-01-19	0	2018-01-19 10:24:09
444	38	213.636	0	2018-01-19	0	2018-01-19 10:24:09
445	39	213.636	0	2018-01-19	0	2018-01-19 10:24:09
446	58	190.90000000000001	0	2018-01-19	0	2018-01-19 10:24:09
447	42	226.13999999999999	0	2018-01-19	0	2018-01-19 10:24:09
448	43	270.5	0	2018-01-19	0	2018-01-19 10:24:09
449	44	385.22699999999998	0	2018-01-19	0	2018-01-19 10:24:09
450	45	453.41000000000003	0	2018-01-19	0	2018-01-19 10:24:09
451	2	156.81800000000001	0	2018-01-19	1	2018-01-19 10:24:09
452	3	156.81800000000001	102.273	2018-01-19	1	2018-01-19 10:24:09
453	47	156.81800000000001	90.909099999999995	2018-01-19	1	2018-01-19 10:24:09
454	48	156.81800000000001	102.273	2018-01-19	1	2018-01-19 10:24:09
455	50	188	0	2018-01-19	1	2018-01-19 10:24:09
456	51	168	0	2018-01-19	1	2018-01-19 10:24:09
457	52	188	0	2018-01-19	1	2018-01-19 10:24:09
458	13	188	0	2018-01-19	1	2018-01-19 10:24:09
459	18	188	0	2018-01-19	1	2018-01-19 10:24:09
460	53	156.80000000000001	0	2018-01-19	1	2018-01-19 10:24:09
461	60	156.81	135	2018-01-19	1	2018-01-19 10:24:09
462	55	123.86	0	2018-01-19	1	2018-01-19 10:24:09
463	56	122.72	0	2018-01-19	1	2018-01-19 10:24:09
464	57	122.72	0	2018-01-19	1	2018-01-19 10:24:09
465	40	188	0	2018-01-19	1	2018-01-19 10:24:09
466	1	136	0	2018-01-24	0	2018-01-24 11:40:48
467	46	136	0	2018-01-24	0	2018-01-24 11:40:48
468	4	136	0	2018-01-24	0	2018-01-24 11:40:48
469	5	136	0	2018-01-24	0	2018-01-24 11:40:48
470	48	136	0	2018-01-24	0	2018-01-24 11:40:48
471	49	100	0	2018-01-24	0	2018-01-24 11:40:48
472	7	100	0	2018-01-24	0	2018-01-24 11:40:48
473	11	100	70	2018-01-24	0	2018-01-24 11:40:48
474	6	100	0	2018-01-24	0	2018-01-24 11:40:48
475	8	100	0	2018-01-24	0	2018-01-24 11:40:48
476	9	179.53999999999999	0	2018-01-24	0	2018-01-24 11:40:48
477	10	134.09999999999999	0	2018-01-24	0	2018-01-24 11:40:48
478	20	100	0	2018-01-24	0	2018-01-24 11:40:48
479	12	100	0	2018-01-24	0	2018-01-24 11:40:48
480	52	168	0	2018-01-24	0	2018-01-24 11:40:48
481	59	136	0	2018-01-24	0	2018-01-24 11:40:48
482	40	168	0	2018-01-24	0	2018-01-24 11:40:48
483	14	100	0	2018-01-24	0	2018-01-24 11:40:48
484	16	100	0	2018-01-24	0	2018-01-24 11:40:48
485	17	112.5	0	2018-01-24	0	2018-01-24 11:40:48
486	61	90.900000000000006	0	2018-01-24	0	2018-01-24 11:40:48
487	62	145.45400000000001	0	2018-01-24	0	2018-01-24 11:40:49
488	63	145.45400000000001	0	2018-01-24	0	2018-01-24 11:40:49
489	64	145.45400000000001	0	2018-01-24	0	2018-01-24 11:40:49
490	65	145.45400000000001	0	2018-01-24	0	2018-01-24 11:40:49
491	66	145.45400000000001	0	2018-01-24	0	2018-01-24 11:40:49
492	67	145.45400000000001	0	2018-01-24	0	2018-01-24 11:40:49
493	18	168	0	2018-01-24	0	2018-01-24 11:40:49
494	19	100	90	2018-01-24	0	2018-01-24 11:40:49
495	21	179.53999999999999	78.409999999999997	2018-01-24	0	2018-01-24 11:40:49
496	22	179.53999999999999	101.14	2018-01-24	0	2018-01-24 11:40:49
497	23	190.91	0	2018-01-24	0	2018-01-24 11:40:49
498	54	134.09999999999999	0	2018-01-24	0	2018-01-24 11:40:49
499	24	88.635999999999996	0	2018-01-24	0	2018-01-24 11:40:49
500	25	111.363	0	2018-01-24	0	2018-01-24 11:40:49
501	26	65.909000000000006	0	2018-01-24	0	2018-01-24 11:40:49
502	27	88.635999999999996	0	2018-01-24	0	2018-01-24 11:40:49
503	28	134.09999999999999	0	2018-01-24	0	2018-01-24 11:40:49
504	29	136	0	2018-01-24	0	2018-01-24 11:40:49
505	30	179.53999999999999	0	2018-01-24	0	2018-01-24 11:40:49
506	31	179.53999999999999	0	2018-01-24	0	2018-01-24 11:40:49
507	32	122.72	0	2018-01-24	0	2018-01-24 11:40:49
508	33	225	0	2018-01-24	0	2018-01-24 11:40:49
509	34	225	0	2018-01-24	0	2018-01-24 11:40:49
510	35	192.05000000000001	101.14	2018-01-24	0	2018-01-24 11:40:49
511	36	192.05000000000001	78.409999999999997	2018-01-24	0	2018-01-24 11:40:49
512	37	192.05000000000001	0	2018-01-24	0	2018-01-24 11:40:49
513	38	190.90899999999999	135.22999999999999	2018-01-24	0	2018-01-24 11:40:49
514	39	190.90899999999999	0	2018-01-24	0	2018-01-24 11:40:49
515	41	226.13999999999999	0	2018-01-24	0	2018-01-24 11:40:49
516	42	226.13999999999999	135.22999999999999	2018-01-24	0	2018-01-24 11:40:49
517	43	270.5	0	2018-01-24	0	2018-01-24 11:40:49
518	44	385.22699999999998	0	2018-01-24	0	2018-01-24 11:40:49
519	45	453.41000000000003	0	2018-01-24	0	2018-01-24 11:40:49
520	2	136	0	2018-01-24	1	2018-01-24 11:40:49
521	3	136	0	2018-01-24	1	2018-01-24 11:40:49
522	47	136	90.909099999999995	2018-01-24	1	2018-01-24 11:40:49
523	50	168	0	2018-01-24	1	2018-01-24 11:40:49
524	51	168	0	2018-01-24	1	2018-01-24 11:40:49
525	13	168	0	2018-01-24	1	2018-01-24 11:40:49
526	53	156.80000000000001	0	2018-01-24	1	2018-01-24 11:40:49
527	55	112.5	0	2018-01-24	1	2018-01-24 11:40:49
528	56	111.36	0	2018-01-24	1	2018-01-24 11:40:49
529	57	111.36	0	2018-01-24	1	2018-01-24 11:40:49
530	58	190.90000000000001	0	2018-01-24	1	2018-01-24 11:40:49
531	1	136	0	2018-01-25	0	2018-01-25 10:07:08
532	46	136	0	2018-01-25	0	2018-01-25 10:07:08
533	4	136	0	2018-01-25	0	2018-01-25 10:07:08
534	5	136	0	2018-01-25	0	2018-01-25 10:07:08
535	48	136	0	2018-01-25	0	2018-01-25 10:07:08
536	49	100	0	2018-01-25	0	2018-01-25 10:07:08
537	7	100	0	2018-01-25	0	2018-01-25 10:07:08
538	11	100	0	2018-01-25	0	2018-01-25 10:07:08
539	6	100	0	2018-01-25	0	2018-01-25 10:07:08
540	8	100	0	2018-01-25	0	2018-01-25 10:07:08
541	9	179.53999999999999	0	2018-01-25	0	2018-01-25 10:07:08
542	10	134.09999999999999	0	2018-01-25	0	2018-01-25 10:07:08
543	20	100	0	2018-01-25	0	2018-01-25 10:07:08
544	12	100	0	2018-01-25	0	2018-01-25 10:07:08
545	52	168	0	2018-01-25	0	2018-01-25 10:07:08
546	59	136	0	2018-01-25	0	2018-01-25 10:07:08
547	40	168	0	2018-01-25	0	2018-01-25 10:07:08
548	14	100	0	2018-01-25	0	2018-01-25 10:07:08
549	16	100	0	2018-01-25	0	2018-01-25 10:07:08
550	17	112.5	0	2018-01-25	0	2018-01-25 10:07:08
551	61	90.900000000000006	0	2018-01-25	0	2018-01-25 10:07:08
552	62	145.45400000000001	0	2018-01-25	0	2018-01-25 10:07:08
553	63	145.45400000000001	0	2018-01-25	0	2018-01-25 10:07:08
554	64	145.45400000000001	0	2018-01-25	0	2018-01-25 10:07:08
555	65	145.45400000000001	0	2018-01-25	0	2018-01-25 10:07:08
556	66	145.45400000000001	0	2018-01-25	0	2018-01-25 10:07:08
557	67	145.45400000000001	0	2018-01-25	0	2018-01-25 10:07:08
558	18	168	0	2018-01-25	0	2018-01-25 10:07:08
559	19	100	0	2018-01-25	0	2018-01-25 10:07:08
560	21	179.53999999999999	78.409999999999997	2018-01-25	0	2018-01-25 10:07:08
561	22	179.53999999999999	101.14	2018-01-25	0	2018-01-25 10:07:08
562	23	190.91	0	2018-01-25	0	2018-01-25 10:07:08
563	54	134.09999999999999	0	2018-01-25	0	2018-01-25 10:07:09
564	24	88.635999999999996	0	2018-01-25	0	2018-01-25 10:07:09
565	25	111.363	0	2018-01-25	0	2018-01-25 10:07:09
566	26	65.909000000000006	0	2018-01-25	0	2018-01-25 10:07:09
567	27	88.635999999999996	0	2018-01-25	0	2018-01-25 10:07:09
568	28	134.09999999999999	0	2018-01-25	0	2018-01-25 10:07:09
569	29	136	0	2018-01-25	0	2018-01-25 10:07:09
570	30	179.53999999999999	0	2018-01-25	0	2018-01-25 10:07:09
571	31	179.53999999999999	0	2018-01-25	0	2018-01-25 10:07:09
572	32	122.72	0	2018-01-25	0	2018-01-25 10:07:09
573	33	225	0	2018-01-25	0	2018-01-25 10:07:09
574	34	225	0	2018-01-25	0	2018-01-25 10:07:09
575	35	192.05000000000001	101.14	2018-01-25	0	2018-01-25 10:07:09
576	36	192.05000000000001	78.409999999999997	2018-01-25	0	2018-01-25 10:07:09
577	37	192.05000000000001	0	2018-01-25	0	2018-01-25 10:07:09
578	38	190.90899999999999	135.22999999999999	2018-01-25	0	2018-01-25 10:07:09
579	39	190.90899999999999	0	2018-01-25	0	2018-01-25 10:07:09
580	41	226.13999999999999	0	2018-01-25	0	2018-01-25 10:07:09
581	42	226.13999999999999	135.22999999999999	2018-01-25	0	2018-01-25 10:07:09
582	43	270.5	0	2018-01-25	0	2018-01-25 10:07:09
583	44	385.22699999999998	0	2018-01-25	0	2018-01-25 10:07:09
584	45	453.41000000000003	0	2018-01-25	0	2018-01-25 10:07:09
585	2	136	0	2018-01-25	1	2018-01-25 10:07:09
586	3	136	0	2018-01-25	1	2018-01-25 10:07:09
587	47	136	90.909099999999995	2018-01-25	1	2018-01-25 10:07:09
588	50	168	0	2018-01-25	1	2018-01-25 10:07:09
589	51	168	0	2018-01-25	1	2018-01-25 10:07:09
590	13	168	0	2018-01-25	1	2018-01-25 10:07:09
591	53	156.80000000000001	0	2018-01-25	1	2018-01-25 10:07:09
592	55	112.5	0	2018-01-25	1	2018-01-25 10:07:09
593	56	111.36	0	2018-01-25	1	2018-01-25 10:07:09
594	57	111.36	0	2018-01-25	1	2018-01-25 10:07:09
595	58	190.90000000000001	0	2018-01-25	1	2018-01-25 10:07:09
596	1	156.81800000000001	0	2018-01-26	0	2018-01-26 10:42:05
597	46	156.81800000000001	0	2018-01-26	0	2018-01-26 10:42:05
598	4	156.81800000000001	0	2018-01-26	0	2018-01-26 10:42:05
599	5	156.81800000000001	0	2018-01-26	0	2018-01-26 10:42:05
600	48	156.81800000000001	0	2018-01-26	0	2018-01-26 10:42:05
601	49	134.09999999999999	0	2018-01-26	0	2018-01-26 10:42:05
602	7	134.09999999999999	0	2018-01-26	0	2018-01-26 10:42:05
603	11	134.09999999999999	0	2018-01-26	0	2018-01-26 10:42:05
604	6	134.09999999999999	0	2018-01-26	0	2018-01-26 10:42:05
605	8	134.09999999999999	0	2018-01-26	0	2018-01-26 10:42:05
606	9	213.63	0	2018-01-26	0	2018-01-26 10:42:05
607	10	178	136	2018-01-26	0	2018-01-26 10:42:05
608	20	134.09999999999999	0	2018-01-26	0	2018-01-26 10:42:05
609	12	134.09999999999999	0	2018-01-26	0	2018-01-26 10:42:05
610	52	188	0	2018-01-26	0	2018-01-26 10:42:05
611	59	156.81999999999999	136	2018-01-26	0	2018-01-26 10:42:05
612	14	134.09999999999999	0	2018-01-26	0	2018-01-26 10:42:05
613	16	134.09999999999999	0	2018-01-26	0	2018-01-26 10:42:06
614	17	112.5	0	2018-01-26	0	2018-01-26 10:42:06
615	61	90.900000000000006	0	2018-01-26	0	2018-01-26 10:42:06
616	62	168.18199999999999	0	2018-01-26	0	2018-01-26 10:42:06
617	63	168.18199999999999	0	2018-01-26	0	2018-01-26 10:42:06
618	64	168.18199999999999	0	2018-01-26	0	2018-01-26 10:42:06
619	65	168.18199999999999	0	2018-01-26	0	2018-01-26 10:42:06
620	66	168.18199999999999	0	2018-01-26	0	2018-01-26 10:42:06
621	67	168.18199999999999	0	2018-01-26	0	2018-01-26 10:42:06
622	19	134.09999999999999	0	2018-01-26	0	2018-01-26 10:42:06
623	21	213.636	0	2018-01-26	0	2018-01-26 10:42:06
624	22	213.636	0	2018-01-26	0	2018-01-26 10:42:06
625	23	213.636	0	2018-01-26	0	2018-01-26 10:42:06
626	54	134.09999999999999	0	2018-01-26	0	2018-01-26 10:42:06
627	24	88.635999999999996	0	2018-01-26	0	2018-01-26 10:42:06
628	25	111.363	0	2018-01-26	0	2018-01-26 10:42:06
629	26	65.909000000000006	0	2018-01-26	0	2018-01-26 10:42:06
630	27	88.635999999999996	0	2018-01-26	0	2018-01-26 10:42:06
631	28	134.09999999999999	0	2018-01-26	0	2018-01-26 10:42:06
632	29	156.81999999999999	136	2018-01-26	0	2018-01-26 10:42:06
633	30	178	0	2018-01-26	0	2018-01-26 10:42:06
634	31	178	0	2018-01-26	0	2018-01-26 10:42:06
635	32	156.81	0	2018-01-26	0	2018-01-26 10:42:06
636	33	225	0	2018-01-26	0	2018-01-26 10:42:06
637	34	225	0	2018-01-26	0	2018-01-26 10:42:06
638	35	192.05000000000001	0	2018-01-26	0	2018-01-26 10:42:06
639	37	192.05000000000001	0	2018-01-26	0	2018-01-26 10:42:06
640	38	213.636	0	2018-01-26	0	2018-01-26 10:42:06
641	39	213.636	0	2018-01-26	0	2018-01-26 10:42:06
642	42	226.13999999999999	0	2018-01-26	0	2018-01-26 10:42:06
643	43	270.5	0	2018-01-26	0	2018-01-26 10:42:06
644	44	385.22699999999998	0	2018-01-26	0	2018-01-26 10:42:06
645	45	453.41000000000003	0	2018-01-26	0	2018-01-26 10:42:06
646	2	156.81800000000001	0	2018-01-26	1	2018-01-26 10:42:06
647	3	156.81800000000001	0	2018-01-26	1	2018-01-26 10:42:06
648	47	156.81800000000001	90.909099999999995	2018-01-26	1	2018-01-26 10:42:06
649	50	188	0	2018-01-26	1	2018-01-26 10:42:06
650	51	168	0	2018-01-26	1	2018-01-26 10:42:06
651	13	188	0	2018-01-26	1	2018-01-26 10:42:06
652	40	188	0	2018-01-26	1	2018-01-26 10:42:06
653	18	188	0	2018-01-26	1	2018-01-26 10:42:06
654	53	156.80000000000001	0	2018-01-26	1	2018-01-26 10:42:06
655	55	123.86	0	2018-01-26	1	2018-01-26 10:42:06
656	56	122.72	0	2018-01-26	1	2018-01-26 10:42:06
657	57	122.72	0	2018-01-26	1	2018-01-26 10:42:06
658	58	190.90000000000001	0	2018-01-26	1	2018-01-26 10:42:06
659	1	136	0	2018-01-29	0	2018-01-29 11:10:04
660	46	136	0	2018-01-29	0	2018-01-29 11:10:04
661	4	136	0	2018-01-29	0	2018-01-29 11:10:04
662	5	136	0	2018-01-29	0	2018-01-29 11:10:04
663	48	136	0	2018-01-29	0	2018-01-29 11:10:04
664	49	100	0	2018-01-29	0	2018-01-29 11:10:04
665	7	100	0	2018-01-29	0	2018-01-29 11:10:04
666	11	100	0	2018-01-29	0	2018-01-29 11:10:04
667	6	100	0	2018-01-29	0	2018-01-29 11:10:04
668	8	100	0	2018-01-29	0	2018-01-29 11:10:04
669	9	179.53999999999999	0	2018-01-29	0	2018-01-29 11:10:04
670	10	134.09999999999999	0	2018-01-29	0	2018-01-29 11:10:04
671	20	100	0	2018-01-29	0	2018-01-29 11:10:04
672	12	100	0	2018-01-29	0	2018-01-29 11:10:04
673	52	168	0	2018-01-29	0	2018-01-29 11:10:04
674	13	168	0	2018-01-29	0	2018-01-29 11:10:04
675	59	136	0	2018-01-29	0	2018-01-29 11:10:04
676	40	168	0	2018-01-29	0	2018-01-29 11:10:04
677	14	100	0	2018-01-29	0	2018-01-29 11:10:04
678	16	100	0	2018-01-29	0	2018-01-29 11:10:04
679	17	112.5	0	2018-01-29	0	2018-01-29 11:10:04
680	61	90.900000000000006	0	2018-01-29	0	2018-01-29 11:10:04
681	62	145.45400000000001	0	2018-01-29	0	2018-01-29 11:10:04
682	63	145.45400000000001	0	2018-01-29	0	2018-01-29 11:10:04
683	64	145.45400000000001	0	2018-01-29	0	2018-01-29 11:10:04
684	65	145.45400000000001	0	2018-01-29	0	2018-01-29 11:10:04
685	66	145.45400000000001	0	2018-01-29	0	2018-01-29 11:10:04
686	67	145.45400000000001	0	2018-01-29	0	2018-01-29 11:10:04
687	18	168	0	2018-01-29	0	2018-01-29 11:10:04
688	19	100	0	2018-01-29	0	2018-01-29 11:10:04
689	21	179.53999999999999	78.409999999999997	2018-01-29	0	2018-01-29 11:10:04
690	22	179.53999999999999	101.14	2018-01-29	0	2018-01-29 11:10:04
691	23	190.91	0	2018-01-29	0	2018-01-29 11:10:04
692	24	88.635999999999996	0	2018-01-29	0	2018-01-29 11:10:04
693	25	111.363	0	2018-01-29	0	2018-01-29 11:10:04
694	26	65.909000000000006	0	2018-01-29	0	2018-01-29 11:10:04
695	27	88.635999999999996	0	2018-01-29	0	2018-01-29 11:10:04
696	28	134.09999999999999	0	2018-01-29	0	2018-01-29 11:10:04
697	29	136	0	2018-01-29	0	2018-01-29 11:10:04
698	30	179.53999999999999	0	2018-01-29	0	2018-01-29 11:10:04
699	31	179.53999999999999	0	2018-01-29	0	2018-01-29 11:10:04
700	32	122.72	0	2018-01-29	0	2018-01-29 11:10:04
701	33	225	0	2018-01-29	0	2018-01-29 11:10:04
702	34	225	0	2018-01-29	0	2018-01-29 11:10:04
703	35	192.05000000000001	101.14	2018-01-29	0	2018-01-29 11:10:04
704	36	192.05000000000001	78.409999999999997	2018-01-29	0	2018-01-29 11:10:04
705	37	192.05000000000001	0	2018-01-29	0	2018-01-29 11:10:04
706	38	190.90899999999999	135.22999999999999	2018-01-29	0	2018-01-29 11:10:04
707	39	190.90899999999999	0	2018-01-29	0	2018-01-29 11:10:04
708	41	226.13999999999999	0	2018-01-29	0	2018-01-29 11:10:04
709	42	226.13999999999999	135.22999999999999	2018-01-29	0	2018-01-29 11:10:04
710	43	270.5	0	2018-01-29	0	2018-01-29 11:10:04
711	44	385.22699999999998	0	2018-01-29	0	2018-01-29 11:10:04
712	45	453.41000000000003	0	2018-01-29	0	2018-01-29 11:10:04
713	2	136	0	2018-01-29	1	2018-01-29 11:10:04
714	3	136	0	2018-01-29	1	2018-01-29 11:10:04
715	47	136	90.909099999999995	2018-01-29	1	2018-01-29 11:10:04
716	50	168	0	2018-01-29	1	2018-01-29 11:10:04
717	51	168	0	2018-01-29	1	2018-01-29 11:10:04
718	53	156.80000000000001	0	2018-01-29	1	2018-01-29 11:10:04
719	54	134.09999999999999	0	2018-01-29	1	2018-01-29 11:10:04
720	55	112.5	0	2018-01-29	1	2018-01-29 11:10:04
721	56	111.36	0	2018-01-29	1	2018-01-29 11:10:04
722	57	111.36	0	2018-01-29	1	2018-01-29 11:10:04
723	58	190.90000000000001	0	2018-01-29	1	2018-01-29 11:10:04
725	46	136	0	2018-01-30	0	2018-01-30 10:38:55
726	4	136	0	2018-01-30	0	2018-01-30 10:38:55
728	48	136	0	2018-01-30	0	2018-01-30 10:38:55
729	49	100	0	2018-01-30	0	2018-01-30 10:38:55
730	7	100	0	2018-01-30	0	2018-01-30 10:38:55
731	11	100	0	2018-01-30	0	2018-01-30 10:38:56
732	6	100	0	2018-01-30	0	2018-01-30 10:38:56
798	9	179.53999999999999	0	2018-01-31	0	2018-01-25 17:48:31
804	40	168	0	2018-01-31	0	2018-01-25 17:48:31
801	52	168	0	2018-01-31	0	2018-01-25 17:48:31
807	17	112.5	0	2018-01-31	0	2018-01-25 17:48:31
808	61	90.900000000000006	0	2018-01-31	0	2018-01-25 17:48:31
724	1	136	0	2018-01-30	0	2018-01-30 10:38:55
727	5	136	0	2018-01-30	0	2018-01-30 10:38:55
737	12	100	0	2018-01-30	0	2018-01-30 10:38:56
733	8	100	0	2018-01-30	0	2018-01-30 10:38:56
734	9	179.53999999999999	0	2018-01-30	0	2018-01-30 10:38:56
735	10	134.09999999999999	0	2018-01-30	0	2018-01-30 10:38:56
736	20	100	0	2018-01-30	0	2018-01-30 10:38:56
738	52	168	0	2018-01-30	0	2018-01-30 10:38:56
739	13	168	0	2018-01-30	0	2018-01-30 10:38:56
740	59	136	0	2018-01-30	0	2018-01-30 10:38:56
741	40	168	0	2018-01-30	0	2018-01-30 10:38:56
742	14	100	0	2018-01-30	0	2018-01-30 10:38:56
743	16	100	0	2018-01-30	0	2018-01-30 10:38:56
744	17	112.5	0	2018-01-30	0	2018-01-30 10:38:56
745	61	90.900000000000006	0	2018-01-30	0	2018-01-30 10:38:56
746	62	145.45400000000001	0	2018-01-30	0	2018-01-30 10:38:56
747	63	145.45400000000001	0	2018-01-30	0	2018-01-30 10:38:56
748	64	145.45400000000001	0	2018-01-30	0	2018-01-30 10:38:56
749	65	145.45400000000001	0	2018-01-30	0	2018-01-30 10:38:56
750	66	145.45400000000001	0	2018-01-30	0	2018-01-30 10:38:56
751	67	145.45400000000001	0	2018-01-30	0	2018-01-30 10:38:56
752	18	168	0	2018-01-30	0	2018-01-30 10:38:56
753	19	100	0	2018-01-30	0	2018-01-30 10:38:56
754	21	179.53999999999999	78.409999999999997	2018-01-30	0	2018-01-30 10:38:56
755	22	179.53999999999999	101.14	2018-01-30	0	2018-01-30 10:38:56
756	23	190.91	0	2018-01-30	0	2018-01-30 10:38:56
757	24	88.635999999999996	0	2018-01-30	0	2018-01-30 10:38:56
758	25	111.363	0	2018-01-30	0	2018-01-30 10:38:56
759	26	65.909000000000006	0	2018-01-30	0	2018-01-30 10:38:56
760	27	88.635999999999996	0	2018-01-30	0	2018-01-30 10:38:56
761	28	134.09999999999999	0	2018-01-30	0	2018-01-30 10:38:56
773	41	226.13999999999999	0	2018-01-30	0	2018-01-30 10:38:56
774	42	226.13999999999999	135.22999999999999	2018-01-30	0	2018-01-30 10:38:56
775	43	270.5	0	2018-01-30	0	2018-01-30 10:38:56
776	44	385.22699999999998	0	2018-01-30	0	2018-01-30 10:38:56
777	45	453.41000000000003	0	2018-01-30	0	2018-01-30 10:38:56
778	2	136	0	2018-01-30	1	2018-01-30 10:38:56
779	3	136	0	2018-01-30	1	2018-01-30 10:38:56
780	47	136	90.909099999999995	2018-01-30	1	2018-01-30 10:38:56
781	50	168	0	2018-01-30	1	2018-01-30 10:38:56
782	51	168	0	2018-01-30	1	2018-01-30 10:38:56
783	53	156.80000000000001	0	2018-01-30	1	2018-01-30 10:38:56
784	54	134.09999999999999	0	2018-01-30	1	2018-01-30 10:38:56
785	55	112.5	0	2018-01-30	1	2018-01-30 10:38:56
786	56	111.36	0	2018-01-30	1	2018-01-30 10:38:56
787	57	111.36	0	2018-01-30	1	2018-01-30 10:38:56
788	58	190.90000000000001	0	2018-01-30	1	2018-01-30 10:38:56
762	29	136	0	2018-01-30	0	2018-01-30 10:38:56
763	30	179.53999999999999	0	2018-01-30	0	2018-01-30 10:38:56
764	31	179.53999999999999	0	2018-01-30	0	2018-01-30 10:38:56
765	32	122.72	0	2018-01-30	0	2018-01-30 10:38:56
766	33	225	0	2018-01-30	0	2018-01-30 10:38:56
809	62	145.45400000000001	0	2018-01-31	0	2018-01-25 17:48:31
810	63	145.45400000000001	0	2018-01-31	0	2018-01-25 17:48:31
811	64	145.45400000000001	0	2018-01-31	0	2018-01-25 17:48:31
812	65	145.45400000000001	0	2018-01-31	0	2018-01-25 17:48:31
813	66	145.45400000000001	0	2018-01-31	0	2018-01-25 17:48:31
814	67	145.45400000000001	0	2018-01-31	0	2018-01-25 17:48:31
815	18	168	0	2018-01-31	0	2018-01-25 17:48:31
816	19	100	0	2018-01-31	0	2018-01-25 17:48:31
817	21	179.53999999999999	78.409999999999997	2018-01-31	0	2018-01-25 17:48:31
818	22	179.53999999999999	101.14	2018-01-31	0	2018-01-25 17:48:31
819	23	190.91	0	2018-01-31	0	2018-01-25 17:48:31
767	34	225	0	2018-01-30	0	2018-01-30 10:38:56
768	35	192.05000000000001	101.14	2018-01-30	0	2018-01-30 10:38:56
769	36	192.05000000000001	78.409999999999997	2018-01-30	0	2018-01-30 10:38:56
770	37	192.05000000000001	0	2018-01-30	0	2018-01-30 10:38:56
771	38	190.90899999999999	135.22999999999999	2018-01-30	0	2018-01-30 10:38:56
772	39	190.90899999999999	0	2018-01-30	0	2018-01-30 10:38:56
820	54	134.09999999999999	0	2018-01-31	0	2018-01-25 17:48:31
821	24	88.635999999999996	0	2018-01-31	0	2018-01-25 17:48:31
822	25	111.363	0	2018-01-31	0	2018-01-25 17:48:31
823	26	65.909000000000006	0	2018-01-31	0	2018-01-25 17:48:31
824	27	88.635999999999996	0	2018-01-31	0	2018-01-25 17:48:31
825	28	134.09999999999999	0	2018-01-31	0	2018-01-25 17:48:31
826	29	136	0	2018-01-31	0	2018-01-25 17:48:31
827	30	179.53999999999999	0	2018-01-31	0	2018-01-25 17:48:31
828	31	179.53999999999999	0	2018-01-31	0	2018-01-25 17:48:31
829	32	122.72	0	2018-01-31	0	2018-01-25 17:48:31
830	33	225	0	2018-01-31	0	2018-01-26 01:48:31
791	5	136	0	2018-01-31	1	2018-01-25 17:48:31
789	46	136	113.637	2018-01-31	0	2018-01-25 17:48:31
790	4	136	113.637	2018-01-31	0	2018-01-25 17:48:31
792	49	100	0	2018-01-31	0	2018-01-25 17:48:31
793	7	100	0	2018-01-31	0	2018-01-25 17:48:31
794	11	100	0	2018-01-31	0	2018-01-25 17:48:31
795	6	100	0	2018-01-31	0	2018-01-25 17:48:31
796	12	100	0	2018-01-31	0	2018-01-25 17:48:31
797	8	100	0	2018-01-31	0	2018-01-25 17:48:31
799	10	134.09999999999999	0	2018-01-31	0	2018-01-25 17:48:31
800	20	100	0	2018-01-31	0	2018-01-25 17:48:31
802	13	168	0	2018-01-31	0	2018-01-25 17:48:31
803	59	136	0	2018-01-31	0	2018-01-25 17:48:31
805	14	100	0	2018-01-31	0	2018-01-25 17:48:31
806	16	100	0	2018-01-31	0	2018-01-25 17:48:31
854	1	136	113.637	2018-02-01	0	2018-01-29 17:04:45
855	46	136	113.637	2018-02-01	0	2018-01-29 17:04:46
856	4	136	113.637	2018-02-01	0	2018-01-29 17:04:46
857	5	136	113.637	2018-02-01	0	2018-01-29 17:04:46
858	49	100	0	2018-02-01	0	2018-01-29 17:04:46
859	7	100	0	2018-02-01	0	2018-01-29 17:04:46
860	11	100	0	2018-02-01	0	2018-01-29 17:04:46
861	6	100	0	2018-02-01	0	2018-01-29 17:04:46
862	12	100	0	2018-02-01	0	2018-01-29 17:04:46
863	8	100	0	2018-02-01	0	2018-01-29 17:04:46
864	10	134.09999999999999	0	2018-02-01	0	2018-01-29 17:04:46
865	20	100	0	2018-02-01	0	2018-01-29 17:04:46
831	34	225	0	2018-01-31	0	2018-01-26 01:48:31
832	35	192.05000000000001	101.14	2018-01-31	0	2018-01-26 01:48:31
833	36	192.05000000000001	78.409999999999997	2018-01-31	0	2018-01-26 01:48:31
834	37	192.05000000000001	0	2018-01-31	0	2018-01-26 01:48:31
835	38	190.90899999999999	135.22999999999999	2018-01-31	0	2018-01-26 01:48:31
836	39	190.90899999999999	0	2018-01-31	0	2018-01-26 01:48:31
837	41	226.13999999999999	0	2018-01-31	0	2018-01-26 01:48:31
838	42	226.13999999999999	135.22999999999999	2018-01-31	0	2018-01-26 01:48:31
839	43	270.5	0	2018-01-31	0	2018-01-26 01:48:31
840	44	385.22699999999998	0	2018-01-31	0	2018-01-26 01:48:31
841	45	453.41000000000003	0	2018-01-31	0	2018-01-26 01:48:31
842	1	136	0	2018-01-31	1	2018-01-26 01:48:31
843	2	136	0	2018-01-31	1	2018-01-26 01:48:31
844	3	136	0	2018-01-31	1	2018-01-26 01:48:31
845	47	136	90.909099999999995	2018-01-31	1	2018-01-26 01:48:31
846	48	136	102.273	2018-01-31	1	2018-01-26 01:48:31
847	50	168	0	2018-01-31	1	2018-01-26 01:48:31
848	51	168	0	2018-01-31	1	2018-01-26 01:48:31
849	53	156.80000000000001	0	2018-01-31	1	2018-01-26 01:48:31
850	55	112.5	0	2018-01-31	1	2018-01-26 01:48:31
851	56	111.36	0	2018-01-31	1	2018-01-26 01:48:31
852	57	111.36	0	2018-01-31	1	2018-01-26 01:48:31
853	58	190.90000000000001	0	2018-01-31	1	2018-01-26 01:48:31
905	45	453.41000000000003	0	2018-02-01	0	2018-01-29 17:04:46
906	2	136	0	2018-02-01	1	2018-01-29 17:04:46
907	3	136	0	2018-02-01	1	2018-01-29 17:04:46
908	47	136	90.909099999999995	2018-02-01	1	2018-01-29 17:04:46
909	48	136	102.273	2018-02-01	1	2018-01-29 17:04:46
910	50	168	0	2018-02-01	1	2018-01-29 17:04:46
911	51	168	0	2018-02-01	1	2018-01-29 17:04:46
912	53	156.80000000000001	0	2018-02-01	1	2018-01-29 17:04:46
913	56	111.36	0	2018-02-01	1	2018-01-29 17:04:46
914	57	111.36	0	2018-02-01	1	2018-01-29 17:04:46
915	58	190.90000000000001	0	2018-02-01	1	2018-01-29 17:04:46
866	52	168	0	2018-02-01	0	2018-01-29 17:04:46
867	13	168	0	2018-02-01	0	2018-01-29 17:04:46
868	59	136	0	2018-02-01	0	2018-01-29 17:04:46
869	40	168	0	2018-02-01	0	2018-01-29 17:04:46
870	14	100	0	2018-02-01	0	2018-01-29 17:04:46
871	16	100	0	2018-02-01	0	2018-01-29 17:04:46
872	17	112.5	0	2018-02-01	0	2018-01-29 17:04:46
873	61	90.900000000000006	0	2018-02-01	0	2018-01-29 17:04:46
874	62	145.45400000000001	0	2018-02-01	0	2018-01-29 17:04:46
875	63	145.45400000000001	0	2018-02-01	0	2018-01-29 17:04:46
876	64	145.45400000000001	0	2018-02-01	0	2018-01-29 17:04:46
877	65	145.45400000000001	0	2018-02-01	0	2018-01-29 17:04:46
878	66	145.45400000000001	0	2018-02-01	0	2018-01-29 17:04:46
879	67	145.45400000000001	0	2018-02-01	0	2018-01-29 17:04:46
880	18	168	0	2018-02-01	0	2018-01-29 17:04:46
881	19	100	0	2018-02-01	0	2018-01-29 17:04:46
882	21	179.53999999999999	0	2018-02-01	0	2018-01-29 17:04:46
883	22	179.53999999999999	0	2018-02-01	0	2018-01-29 17:04:46
884	23	190.91	0	2018-02-01	0	2018-01-29 17:04:46
885	54	134.09999999999999	0	2018-02-01	0	2018-01-29 17:04:46
886	55	112.5	0	2018-02-01	0	2018-01-29 17:04:46
887	24	88.635999999999996	0	2018-02-01	0	2018-01-29 17:04:46
888	25	111.363	0	2018-02-01	0	2018-01-29 17:04:46
889	26	65.909000000000006	0	2018-02-01	0	2018-01-29 17:04:46
890	27	88.635999999999996	0	2018-02-01	0	2018-01-29 17:04:46
891	28	134.09999999999999	0	2018-02-01	0	2018-01-29 17:04:46
892	29	136	0	2018-02-01	0	2018-01-29 17:04:46
893	30	179.53999999999999	0	2018-02-01	0	2018-01-29 17:04:46
894	31	179.53999999999999	0	2018-02-01	0	2018-01-29 17:04:46
895	32	122.72	0	2018-02-01	0	2018-01-29 17:04:46
896	33	225	0	2018-02-01	0	2018-01-29 17:04:46
897	34	225	0	2018-02-01	0	2018-01-29 17:04:46
898	35	192.05000000000001	0	2018-02-01	0	2018-01-29 17:04:46
899	37	192.05000000000001	0	2018-02-01	0	2018-01-29 17:04:46
900	38	190.90899999999999	0	2018-02-01	0	2018-01-29 17:04:46
901	39	190.90899999999999	0	2018-02-01	0	2018-01-29 17:04:46
902	42	226.13999999999999	0	2018-02-01	0	2018-01-29 17:04:46
903	43	270.5	0	2018-02-01	0	2018-01-29 17:04:46
904	44	385.22699999999998	0	2018-02-01	0	2018-01-29 17:04:46
\.


--
-- Name: hudou_area_seq; Type: SEQUENCE SET; Schema: public; Owner: hudou_user
--

SELECT pg_catalog.setval('hudou_area_seq', 5, false);


--
-- Name: hudou_daliy_summary_seq; Type: SEQUENCE SET; Schema: public; Owner: hudou_user
--

SELECT pg_catalog.setval('hudou_daliy_summary_seq', 43, true);


--
-- Name: hudou_house_seq; Type: SEQUENCE SET; Schema: public; Owner: hudou_user
--

SELECT pg_catalog.setval('hudou_house_seq', 68, false);


--
-- Name: hudou_housesold_seq; Type: SEQUENCE SET; Schema: public; Owner: hudou_user
--

SELECT pg_catalog.setval('hudou_housesold_seq', 915, true);


--
-- Name: area hudou_area_pkey; Type: CONSTRAINT; Schema: public; Owner: hudou_user
--

ALTER TABLE ONLY area
    ADD CONSTRAINT hudou_area_pkey PRIMARY KEY (id);


--
-- Name: daily_summary hudou_daliy_summary_pkey; Type: CONSTRAINT; Schema: public; Owner: hudou_user
--

ALTER TABLE ONLY daily_summary
    ADD CONSTRAINT hudou_daliy_summary_pkey PRIMARY KEY (id);


--
-- Name: house hudou_house_pkey; Type: CONSTRAINT; Schema: public; Owner: hudou_user
--

ALTER TABLE ONLY house
    ADD CONSTRAINT hudou_house_pkey PRIMARY KEY (id);


--
-- Name: house_sold hudou_housesold_pkey; Type: CONSTRAINT; Schema: public; Owner: hudou_user
--

ALTER TABLE ONLY house_sold
    ADD CONSTRAINT hudou_housesold_pkey PRIMARY KEY (id);


--
-- Name: daily_summary unq_date; Type: CONSTRAINT; Schema: public; Owner: hudou_user
--

ALTER TABLE ONLY daily_summary
    ADD CONSTRAINT unq_date UNIQUE (date);


--
-- Name: house_sold unq_house_id_date; Type: CONSTRAINT; Schema: public; Owner: hudou_user
--

ALTER TABLE ONLY house_sold
    ADD CONSTRAINT unq_house_id_date UNIQUE (house_id, date);


--
-- Name: area unq_lid; Type: CONSTRAINT; Schema: public; Owner: hudou_user
--

ALTER TABLE ONLY area
    ADD CONSTRAINT unq_lid UNIQUE (lid);


--
-- Name: house unq_uuid; Type: CONSTRAINT; Schema: public; Owner: hudou_user
--

ALTER TABLE ONLY house
    ADD CONSTRAINT unq_uuid UNIQUE (uuid);


--
-- Name: PRI_ID; Type: INDEX; Schema: public; Owner: hudou_user
--

CREATE INDEX "PRI_ID" ON daily_summary USING btree (id);


--
-- PostgreSQL database dump complete
--

